0.01696199	0.0024859004	-0.19297343	0.03729216	0.09194227	-0.05544842	0.074915595	-0.020771258	0.006489302	0.11754857	-0.076259635	0.04013598	-0.027442062	0.018880192	-0.052643023	-0.08945416
0.020411082	0.045893915	-0.29892388	0.029398322	0.043824423	-0.063634776	0.054675374	-0.05276427	0.08770098	0.09794027	-0.044603195	-0.017232714	0.046830233	0.015179603	-0.0027390635	-0.06681755
-0.18775293	0.28508255	-0.32048422	-0.21774992	-0.2173357	0.010229822	0.29946306	0.034448568	0.28542414	0.29135555	0.20355824	0.19988327	-0.15243123	-0.18146488	0.16579922	0.18698248
-0.032124512	0.07657923	-0.13522004	0.023004929	-0.017245464	-0.031709716	0.05539973	0.060644165	0.09802343	0.18185784	0.0028011415	0.07436338	-0.020260174	-0.032293797	-0.033944834	0.031940706
0.05159568	-0.00043748354	-0.24190827	0.12348942	0.09071712	-0.11440868	-0.038832903	-0.025369767	-0.04786839	0.08806617	-0.13270967	-0.096008636	0.0579523	0.03737656	-0.09956882	-0.106471844
0.007918425	-0.037907127	-0.20476483	0.0896892	0.035496097	-0.10685959	-0.010054467	-0.06466269	0.03877111	0.08029139	-0.027781732	-0.037803546	0.058629647	0.07489015	-0.046573173	-0.032334004
-0.067207314	0.15112981	-0.2131647	-0.10336118	-0.14048174	0.015991742	0.18076739	-0.0081231	0.18655895	0.15220629	0.11777272	0.19835976	-0.08076216	-0.11751109	0.1779611	0.13518476
0.11275594	-0.06828518	-0.106787354	0.064569496	0.11161422	-0.07098305	0.005951052	-0.04943538	-0.06689407	0.027026929	-0.06404934	-0.06978703	0.02074757	0.055655688	-0.1317992	-0.10990864
0.07995105	-0.028861549	-0.22448137	0.07184684	0.045973472	-0.071625136	-0.016350461	-0.031448524	-0.0071119373	0.039622724	-0.019286333	-0.025133431	0.07980774	0.043602698	-0.0797578	-0.009541984
0.08798614	-0.09136922	-0.22257459	0.07753608	0.1453332	-0.16047747	-0.006542461	-0.15384021	-0.035018973	-0.0024804443	-0.13909762	-0.06693652	0.052603018	0.11057833	-0.104787506	-0.09822511
0.0048327474	0.01665155	-0.069826566	0.07569528	0.023145424	-0.023838341	0.055350773	0.0083707	0.025778243	0.08586124	-0.029423209	-0.028590772	-0.027798133	0.011392392	-0.02314629	-0.04242736
-0.07388154	0.054690447	-0.062489633	-0.021320127	-0.07100491	0.052151028	0.12403024	0.099116765	0.112697534	0.1677138	0.08853364	0.082734816	-0.082822144	-0.12740828	0.058191482	0.015948359
-0.016711742	0.019171616	-0.24715479	0.0029654352	0.056853496	-0.13350344	0.042778175	-0.059161462	0.08397496	0.105615556	-0.04231808	-0.006473091	0.004779357	0.056061406	-0.086470224	-0.036817648
0.76795536	-0.7590846	-0.6888061	0.7349817	0.78336346	-0.6510025	-0.7715078	-0.6295152	-0.6750516	-0.6980195	-0.8589073	-0.76776004	0.7453393	0.7932053	-0.7252521	-0.8187736
0.07433242	-0.017554874	-0.15684183	0.044042572	0.01533467	-0.07031376	0.0132469395	-0.07979613	0.004076209	-0.024479736	-0.04957418	-0.051785804	0.08520739	0.05930462	-0.014080018	-0.008433361
0.111661665	-0.07046768	-0.13273808	0.0629525	0.09732948	-0.07501068	-0.012714711	-0.0425973	-0.0198745	-0.001389559	-0.09683097	-0.0010265679	0.0921454	0.018097838	-0.03166411	-0.046837375
-0.10461588	0.24278377	-0.09523181	-0.16480535	-0.15567465	-0.010193579	0.21077143	0.020765603	0.18378012	0.19069529	0.124551766	0.16661263	-0.11710623	-0.21065973	0.21642703	0.13375159
-0.124640554	0.19785085	-0.0044109086	-0.12275263	-0.20189957	0.13323964	0.22575438	0.10789915	0.16771406	0.241017	0.12373193	0.21268676	-0.11630867	-0.20834166	0.17510688	0.1904162
-1.035083	1.0625207	0.6230203	-1.0170023	-1.0348363	0.8698688	1.0804142	1.0063733	1.0699477	1.089171	1.1888825	1.1630677	-1.1285741	-1.0710757	1.1136433	1.108126
-0.6998721	0.7755349	0.27030715	-0.6318138	-0.65571785	0.47401434	0.73475564	0.5936893	0.7459892	0.68484455	0.7361799	0.7865873	-0.74589914	-0.6815703	0.7210445	0.6916101
-0.058093805	0.087179795	-0.068753496	-0.023522228	0.032146916	-0.022327477	0.07145668	0.017974118	0.078282386	0.10710366	0.04406412	0.03886855	0.0071869288	-0.023953453	0.018212374	-0.013523987
0.12331268	-0.10951691	-0.19021799	0.11705179	0.21336122	-0.14250557	-0.084076084	-0.07087863	-0.0790904	-0.016235225	-0.08937031	-0.12901321	0.05938745	0.15144882	-0.1455332	-0.19187228
-0.09253624	0.14071923	-0.06609078	-0.11561841	-0.11361223	0.029229885	0.14980112	0.08313569	0.16351888	0.22688103	0.11778718	0.097617485	-0.13618912	-0.13849941	0.06741697	0.13393454
-0.109742746	0.15153927	0.06439934	-0.08736832	-0.098969184	0.0977757	0.14555886	0.19119571	0.16076173	0.18223163	0.16383065	0.14896332	-0.1422046	-0.13934705	0.15717296	0.17943326
-0.055215247	0.10150593	0.0034705014	-0.0614635	-0.011254535	0.024764799	0.14687914	0.10552147	0.13388734	0.15653522	0.082720995	0.16147883	-0.12554495	-0.11879069	0.035504352	0.10062497
-0.20613916	0.2282756	0.08445429	-0.14991577	-0.2008583	0.14996548	0.19996648	0.14977752	0.17552279	0.26493385	0.1988995	0.19989392	-0.22355793	-0.18315142	0.21928926	0.11037315
0.02994066	0.07696571	-0.08672265	-0.052797813	-0.01849977	0.029146612	0.06467146	0.05624669	0.020315917	0.08460111	0.03206516	0.01815631	-0.05062879	-0.049945876	0.040137425	-0.020124597
-0.11811994	0.17209959	-0.028273996	-0.1214363	-0.15095748	0.0044987514	0.16761573	0.08774326	0.15836234	0.20372479	0.11049323	0.14453883	-0.12808186	-0.08648828	0.15527132	0.11710374
0.08231672	0.0069346414	-0.19614974	0.07055515	0.10715418	-0.15971202	0.0071718753	-0.12666711	-0.068566926	-0.051244523	-0.11542803	-0.06872507	0.096679896	0.023459291	-0.030034905	-0.044611268
0.04133916	-0.070676275	-0.1973851	0.10465916	0.11739992	-0.07730067	-0.06324755	-0.07808019	-0.051411625	-0.059923947	-0.13650352	-0.12287562	0.0878456	0.07649428	-0.109825455	-0.07084715
-0.02470633	0.007696126	0.052493297	-0.01636293	-0.020954952	0.05652472	0.01953117	0.103034526	0.0073225126	0.11829419	0.056272894	0.0550703	-0.06492414	-0.0018552686	0.04998039	0.074806914
0.26542014	-0.22631434	-0.27154583	0.18309297	0.26290017	-0.26541176	-0.13246953	-0.1864228	-0.20663784	-0.13436536	-0.25886482	-0.1703502	0.20557758	0.24596076	-0.22605394	-0.18959428
-0.20472872	0.19227055	0.11855282	-0.21470028	-0.21708742	0.11342564	0.25506893	0.2030844	0.17026831	0.26120797	0.26122084	0.21296597	-0.14237835	-0.18086892	0.17811675	0.24929057
-0.20860267	0.2123824	0.08999489	-0.20836139	-0.20439547	0.14354752	0.22035779	0.15930389	0.21364713	0.2554584	0.21217039	0.17206036	-0.18645531	-0.16302931	0.1674891	0.21808289
-0.2880129	0.24905302	0.25741643	-0.25670475	-0.28005263	0.25224963	0.25114635	0.27354097	0.31615606	0.2849156	0.339371	0.32402354	-0.251009	-0.21835281	0.29637414	0.29960912
-0.13082998	0.08175777	-0.061985448	-0.0874926	-0.08337309	-0.04051414	0.18004137	0.028227057	0.10275001	0.15315971	0.08368362	0.093431324	-0.12780255	-0.09720025	0.110028476	0.021974832
-0.14301237	0.1136631	0.018044109	-0.14261942	-0.059138633	0.097135544	0.10996984	0.08950587	0.102437705	0.19331071	0.13370766	0.1598172	-0.10045556	-0.083733514	0.08907044	0.10285936
0.039351072	0.0048138318	-0.18533358	0.07915282	0.108036034	-0.16956766	0.0019734148	-0.12657496	-0.041138176	-0.012922156	-0.06549351	-0.038228925	0.042019296	0.08985355	-0.082518175	-0.09828289
-0.13977136	0.11768055	-0.005279003	-0.14075992	-0.07838749	0.04201471	0.17284665	0.11794482	0.12335781	0.22950593	0.1368082	0.14221328	-0.085919745	-0.1375904	0.13904229	0.09809219
0.3497517	-0.36069354	-0.27968833	0.30309922	0.37214234	-0.32334426	-0.29264536	-0.30545935	-0.26337752	-0.28161514	-0.39892694	-0.3532058	0.37184554	0.34446397	-0.3329471	-0.30579317
0.10193203	-0.07447569	-0.07598704	0.09765295	0.09161345	-0.10289654	-0.058294673	-0.08215654	-0.00017530515	-0.031818964	-0.07930971	-0.06883138	0.011184272	0.012720311	-0.10347997	-0.031087277
-0.45917088	0.47811973	0.10395189	-0.47566232	-0.4311495	0.23896715	0.55262315	0.311612	0.49735808	0.51376593	0.53651136	0.4823835	-0.49011174	-0.5005565	0.42770702	0.51448786
-0.089747146	0.12612762	-0.07875479	-0.06513862	-0.08385347	0.05024521	0.14609832	0.08832381	0.16646747	0.08160732	0.04466903	0.092232175	-0.037115406	-0.046555493	0.039839003	0.07283184
-0.045774464	0.09653918	-0.0063506234	-0.09082456	-0.06011833	0.0590984	0.095110886	0.056252573	0.067965105	0.13562968	0.04854104	0.09614794	-0.08922336	-0.055172805	0.10014696	0.037751626
0.06582235	-0.028395267	-0.016286286	0.039912824	0.07867447	0.025599116	-0.05571449	-0.017080475	-0.03531778	0.042320117	0.008924559	0.009289679	0.05261606	-0.025254995	-0.038344637	-0.013007634
0.18380995	-0.23556094	-0.16447571	0.22930616	0.24802773	-0.20986103	-0.25019556	-0.23436321	-0.15061387	-0.19817413	-0.25759998	-0.2145984	0.18883443	0.2684989	-0.19790995	-0.21994573
-0.004749784	-0.0020597233	-0.10490918	-0.021631932	-0.009868052	-0.04044702	0.10276211	-0.061405003	0.01526022	-0.015480595	0.040805284	0.08646448	0.045887735	0.008373799	0.06914401	-0.030491186
-0.9469778	0.9582415	0.5096258	-0.89558905	-0.92164254	0.74446905	1.0080996	0.83522123	1.0046952	0.95077056	1.0687633	1.0220726	-0.9720633	-0.95571536	0.9644502	0.96363825
0.24520284	-0.15241477	-0.2943811	0.16387227	0.21070145	-0.19077027	-0.1726586	-0.20984425	-0.20930238	-0.1586132	-0.18596803	-0.16958664	0.18538909	0.24052902	-0.20106936	-0.2149546
-0.111071005	0.144372	-0.08266266	-0.06897813	-0.14609458	0.02064811	0.18534118	0.112272	0.11165376	0.12716119	0.16420874	0.16917165	-0.122532524	-0.1781119	0.16316803	0.14922625
0.5293015	-0.5110286	-0.44342038	0.5333486	0.53369725	-0.37710264	-0.48416203	-0.4528566	-0.4515673	-0.42030433	-0.57286286	-0.53796357	0.5296117	0.51865435	-0.5266823	-0.545452
-0.14517932	0.17258093	-0.035422776	-0.11035753	-0.114852615	0.022606645	0.20429997	0.09587168	0.17291996	0.140673	0.15224968	0.14217012	-0.08492367	-0.19381589	0.16131523	0.11609009
-0.10068147	0.12064025	0.10889139	-0.091419384	-0.03589537	0.048555356	0.103503495	0.07665558	0.12673485	0.15321787	0.052209	0.051196445	-0.07531858	-0.10255392	0.038347516	0.08814939
0.22568993	-0.15366538	-0.21398558	0.21994898	0.18752407	-0.19893155	-0.19469376	-0.2226601	-0.16729002	-0.22028466	-0.1635114	-0.17383398	0.18848483	0.21346955	-0.16967088	-0.16169569
-0.7864114	0.8316833	0.52401555	-0.6995443	-0.78099614	0.5920612	0.7639452	0.71854204	0.80098057	0.7820498	0.8630841	0.76692915	-0.77999204	-0.7625945	0.80515593	0.8373338
-0.05561295	0.062461283	-0.014099921	-0.07587169	-0.0051020356	0.05017385	0.029807469	0.07271256	0.029988408	0.06447647	0.014232846	0.019491091	-0.07018018	0.004805147	-0.027725883	0.01876372
0.06056586	-0.049280554	-0.057917193	0.028354315	0.06136644	-0.06093182	0.047785413	-0.029980117	-0.0052186456	0.003437724	-0.036448468	-0.03658786	0.00060160906	0.057426885	-0.032351192	-0.014617821
-0.021515807	0.08606022	-0.13097909	-0.013041606	-0.020070542	-0.072264865	0.0844458	-0.04906697	0.074449845	0.050162725	0.0836609	0.07098047	-0.028096514	-0.039806448	0.049881276	0.019454079
-0.21634103	0.31621101	0.16490468	-0.19937073	-0.22248523	0.23333903	0.29360598	0.21631102	0.27706337	0.29505932	0.28518453	0.23695558	-0.2613418	-0.28763333	0.2925952	0.3073198
0.121668234	-0.09911507	-0.08996171	0.0832361	0.0738088	-0.07389081	-0.07132742	-0.09337098	-0.10743406	-0.0564098	-0.08657672	-0.1281601	0.117685005	0.06975362	-0.087488525	-0.07205609
0.042227972	-0.06597247	-0.23908383	0.1228427	0.03759403	-0.10225879	-0.029001184	-0.08060961	-0.08113925	-0.049790274	-0.12289137	-0.060467407	0.067134865	0.056273412	-0.087458014	-0.068690225
0.05921339	-0.041328102	-0.04589422	0.048640892	0.1268823	-0.06259304	-0.07574454	-0.08175615	-0.060908593	-0.05285886	-0.053063482	-0.03374252	0.014995336	0.023216225	-0.114199206	-0.10002786
0.12933767	-0.14374308	-0.09622477	0.072125286	0.09433476	-0.106066495	-0.060545254	-0.06583422	-0.10769801	-0.08959783	-0.13705365	-0.08494455	0.11313727	0.09815752	-0.114945084	-0.16176005
0.30628237	-0.32275137	-0.45477727	0.29756197	0.35873854	-0.30244508	-0.25932816	-0.35468218	-0.34007302	-0.25865328	-0.32848525	-0.31441605	0.31187353	0.3682489	-0.351711	-0.3186048
0.12894592	-0.1494561	-0.09106763	0.14398831	0.1860412	-0.13840184	-0.18965761	-0.10526445	-0.16480404	-0.06188915	-0.11673882	-0.11899017	0.1702306	0.1807527	-0.20076431	-0.21237805
-0.16783823	0.2080639	-0.0040714475	-0.12735336	-0.10165204	0.056736574	0.24603137	0.11960079	0.16869336	0.18177508	0.1688678	0.20759207	-0.10376912	-0.16680244	0.12094267	0.14725041
0.32477087	-0.3547163	-0.340784	0.38151717	0.39148453	-0.3315588	-0.31601244	-0.35088408	-0.29279494	-0.3351801	-0.39093488	-0.2974199	0.36742765	0.3019063	-0.3568839	-0.3943828
0.3980811	-0.4342082	-0.3196275	0.40781483	0.4353414	-0.32840016	-0.46525937	-0.42041844	-0.4137544	-0.39098603	-0.4478336	-0.44438547	0.4138648	0.42608085	-0.46171978	-0.45632008
0.22500516	-0.24150093	-0.18439525	0.2721668	0.26319408	-0.1697382	-0.2601236	-0.18961103	-0.20878884	-0.20672797	-0.25901937	-0.22437038	0.24372903	0.1975695	-0.29014453	-0.28957897
-0.38374466	0.40195426	0.3627601	-0.38834646	-0.46311042	0.4116141	0.50143725	0.44167897	0.46087202	0.4221825	0.49429888	0.50393933	-0.4479435	-0.4848837	0.46564776	0.44940448
-0.1465841	0.16527446	0.071228065	-0.13810694	-0.2377307	0.11745501	0.178577	0.11748661	0.21299097	0.19172291	0.18328574	0.2517223	-0.15043056	-0.21776272	0.15544705	0.22206737
0.03316398	0.042638775	0.015522338	-0.018702757	-0.03564273	0.037416168	0.032771662	0.06531048	0.046399478	0.1039702	0.008554743	-0.009435992	-0.00065655477	0.0062493053	0.003236213	-0.010719636
-0.81657606	0.8608977	0.36925715	-0.7441522	-0.8136146	0.64222467	0.84917516	0.7657001	0.82654876	0.851419	0.9028022	0.86517805	-0.8940142	-0.78885555	0.82722276	0.8771591
0.14970225	-0.12832251	-0.19853364	0.06415298	0.11886737	-0.07584951	-0.07452221	-0.13380067	-0.08696927	-0.056667365	-0.117197156	-0.12176753	0.113452055	0.13305852	-0.16157879	-0.1120631
0.047218967	-0.09355821	-0.06002875	0.085234635	0.064983845	-0.06715395	-0.094564885	-0.11815866	-0.049139954	-0.08496073	-0.12199002	-0.09318979	0.118464544	0.04567739	-0.109117456	-0.08108618
-0.7926622	0.8193204	0.46595412	-0.8026798	-0.7932631	0.64215565	0.7479996	0.67858386	0.7675307	0.75263745	0.83536917	0.8510941	-0.77160287	-0.79563016	0.79202044	0.8569187
0.0073214658	-0.07962252	0.02152173	0.077692926	0.049306627	-0.057403084	0.009144673	-0.04561751	-0.0057496717	-0.002741265	-0.049659237	-0.079516016	-0.020567067	0.08348046	-0.087319165	-0.025801748
0.1583092	-0.19876812	-0.15096457	0.15474251	0.16832855	-0.11695763	-0.15391104	-0.08096215	-0.124032296	-0.058121607	-0.2020831	-0.11493585	0.14931107	0.20150907	-0.14510606	-0.12855193
0.3452947	-0.3670417	-0.38463643	0.31604823	0.4291662	-0.2846339	-0.40095752	-0.35833192	-0.3060885	-0.3075249	-0.4145936	-0.34732673	0.42273018	0.41212347	-0.3609277	-0.39088747
-0.4685945	0.5237638	0.28991926	-0.4212138	-0.43160552	0.3450384	0.52630967	0.43244746	0.52152044	0.47077188	0.52383417	0.50310814	-0.4937011	-0.4590306	0.5002231	0.5016694
0.14862649	-0.07570441	-0.12571016	0.16461566	0.1558567	-0.09327206	-0.07370198	-0.11278941	-0.13517581	-0.10063866	-0.08990532	-0.109087475	0.11722285	0.15343703	-0.14160807	-0.17180373
-0.16821563	0.21358526	0.121482216	-0.16841969	-0.12332832	0.10677895	0.15319854	0.08618278	0.18859805	0.17143378	0.12212817	0.18335502	-0.1629275	-0.10510964	0.19135699	0.18382071
0.1953689	-0.23813297	-0.20984823	0.25456545	0.22943367	-0.17187925	-0.26388285	-0.15914513	-0.20653845	-0.16897225	-0.20899254	-0.2561584	0.1969026	0.20803887	-0.25298646	-0.22426128
-0.030933004	0.04234812	0.017951675	-0.031701952	0.006603503	0.03236703	0.023856293	-0.016653543	0.013290831	0.08977624	-0.001208387	0.036965746	-0.0471097	-0.02643668	-0.025671056	0.0011161391
0.021602305	-0.02768145	-0.0038397452	-0.00096241874	0.00016409405	-0.013347319	0.01794441	0.0024399606	0.008387049	0.0051847366	0.018124783	0.019033663	0.023840029	0.017516125	-0.04474488	-0.04778764
0.49150577	-0.457644	-0.43644437	0.44830316	0.4938341	-0.42665598	-0.48259825	-0.4560172	-0.46958008	-0.45598227	-0.53833133	-0.50451344	0.5456976	0.5172263	-0.52256614	-0.4901631
0.2613578	-0.24746524	-0.2602698	0.22760092	0.29986677	-0.2409294	-0.18349512	-0.23090203	-0.19596846	-0.22527131	-0.24529645	-0.23251182	0.22402991	0.22525705	-0.26296487	-0.3001832
-0.89556515	0.9020334	0.7176198	-0.8004865	-0.88193643	0.7502486	0.8818721	0.8019969	0.90560025	0.8934109	0.948629	0.9225547	-0.8943145	-0.904391	0.86372375	0.95132387
-0.45678413	0.5076393	-0.005099965	-0.3654257	-0.4086621	0.24813335	0.49780688	0.32182887	0.4615068	0.47582498	0.41132122	0.51850903	-0.39169753	-0.48562056	0.43705153	0.44240645
-0.12970702	0.11277208	-0.11502525	-0.11779541	-0.11298071	0.04251689	0.1732779	0.091406845	0.10391989	0.20162004	0.11966895	0.12050115	-0.13268338	-0.119271584	0.10935682	0.12044661
0.09651562	-0.09455051	-0.092440434	0.07777573	0.046916127	0.009320623	-0.00044970677	0.028614225	-0.07604127	-0.05493028	-0.06801796	-0.0343495	0.07234909	0.042900093	-0.018450702	-0.038314052
-0.15099452	0.17090805	0.10982297	-0.1322252	-0.13986327	0.06925261	0.151041	0.16369739	0.13576967	0.19362111	0.14011207	0.17466651	-0.11062007	-0.18894133	0.14602163	0.18258326
-0.09238646	0.11854548	-0.12065208	-0.05001701	-0.06348555	-0.047073614	0.0826668	-0.036927257	0.04737724	0.08774181	0.07690551	0.064721644	0.004319273	-0.049330346	0.09481353	0.013759169
0.26472765	-0.28563234	-0.25981215	0.2702375	0.22285582	-0.20862307	-0.2018513	-0.20708954	-0.2449922	-0.2766686	-0.2393476	-0.26168543	0.19597124	0.19218819	-0.22983111	-0.22044933
0.015877511	-0.04953739	-0.056433965	0.08182077	0.0602644	-0.037565373	-0.06602113	-0.029701961	-0.022388859	-0.032841735	-0.018664248	-0.049010936	0.041086696	0.07435793	-0.06453378	-0.046044663
-0.48960024	0.5078453	0.33244553	-0.4853086	-0.46140593	0.3354623	0.51658416	0.4232331	0.4666446	0.45475033	0.5388695	0.5027567	-0.50692374	-0.47577262	0.48371544	0.46248585
0.08789359	-0.13161823	-0.052212648	0.12690261	0.11874764	-0.09223864	-0.043320075	-0.03252308	-0.11557368	-0.021094147	-0.05110739	-0.13111605	0.058692604	0.13994649	-0.14587846	-0.065230645
-0.16507782	0.1642778	0.124929264	-0.10313621	-0.12538388	0.13367997	0.14831243	0.13335665	0.21460253	0.19692655	0.16075134	0.19938532	-0.15082358	-0.10967524	0.15174264	0.1780232
-0.23654231	0.2661341	0.13711956	-0.2027138	-0.22290559	0.18504396	0.29795873	0.25937298	0.20310308	0.239745	0.23994821	0.25582528	-0.2653842	-0.2895035	0.20230953	0.24639355
-0.0049082306	-0.068424106	-0.06747966	0.053462323	0.04015222	-0.0147302495	-0.05577322	-0.060961045	0.02492704	-0.052570067	0.008274589	-0.012475253	0.0028493793	0.07121982	-0.011739264	-0.017194306
-0.062080834	0.08235293	0.0073814373	-0.08141082	-0.08030309	0.038223945	0.13923183	0.09425075	0.13292305	0.06738183	0.072114624	0.08453419	-0.12363203	-0.097258784	0.15129396	0.12997502
-0.18783864	0.2402891	0.22142987	-0.14637914	-0.171863	0.17585051	0.25096664	0.21848284	0.20813142	0.23674795	0.23792207	0.2503716	-0.24895163	-0.19377066	0.12786512	0.2076988
0.04314472	-0.058466427	0.017797926	0.05834016	0.03360451	0.026163483	-0.031411264	0.012532919	-0.073853254	0.054097246	-0.016699169	-0.07619638	0.06296645	0.07139905	-0.11091545	-0.07571603
0.008346729	-0.07740616	3.7761216e-05	0.077990554	0.034888327	-0.02476055	-0.040922992	-0.057995655	-0.036607236	-0.025184331	-0.0052903504	0.0008653145	0.024968093	-0.018406963	-0.02265569	-0.042477615
0.45258987	-0.4218772	-0.44017172	0.45823857	0.40748352	-0.3976368	-0.40215743	-0.45189574	-0.4392279	-0.41124114	-0.5124034	-0.4717459	0.4065923	0.4251187	-0.49420375	-0.4471063
0.13894644	-0.05346901	-0.34929958	0.17866278	0.12802501	-0.15541546	-0.043029286	-0.20141783	-0.10656503	-0.04683723	-0.16413124	-0.14086843	0.172593	0.12625793	-0.13237278	-0.09340261
0.18448558	-0.22030857	-0.33891132	0.25733823	0.2088075	-0.19019607	-0.16401707	-0.17958704	-0.1984573	-0.14527223	-0.27939382	-0.17296961	0.1785531	0.20272367	-0.21632251	-0.22687325
0.030701062	-0.009071446	-0.2270528	0.0071043917	0.08538702	-0.14906341	0.01982831	-0.05784084	-0.054221638	0.036248375	-0.032573342	-0.057323884	0.07226583	0.008678285	0.0020176833	-0.053687237
0.048765216	-0.0677519	-0.1133047	0.046391584	0.07600182	-0.037594438	-0.07450915	-0.057656646	-0.02015738	-0.012728261	-0.044384602	-0.037122846	0.034621842	0.050419383	-0.05136827	-0.05622661
-0.012166696	0.08524184	0.065187015	-0.032121416	-0.07182073	0.04349419	0.079691246	0.06954409	0.093149565	0.12493566	0.022500414	-0.0018966938	-0.029893143	-0.024932692	0.03652103	0.10276899
-0.15595539	0.2686743	0.06167564	-0.23580593	-0.24727973	0.13367052	0.2199646	0.11810201	0.24547869	0.23502783	0.23362398	0.20594957	-0.174347	-0.24081358	0.16174807	0.21990894
0.86061186	-0.81416225	-0.7594333	0.8773034	0.81367016	-0.763334	-0.8040403	-0.7967649	-0.8062107	-0.83242005	-0.96075815	-0.8333243	0.8796665	0.8587593	-0.8574715	-0.9178204
0.23147902	-0.2480181	-0.21064185	0.22850014	0.23191509	-0.26108336	-0.17855234	-0.23818412	-0.23429072	-0.1917895	-0.22450197	-0.22740772	0.23454702	0.26441017	-0.25670585	-0.24816108
-0.014337368	0.014774711	-0.18380012	0.040724564	0.003024086	-0.13329555	-0.011838637	-0.054710437	-0.0019289484	0.0016671667	-0.087071136	-0.027822653	-0.010760073	0.040125854	-0.0574337	-0.07686842
0.82730544	-0.82920945	-0.7428345	0.7423525	0.86189824	-0.6766514	-0.75810015	-0.8053996	-0.7498121	-0.86163133	-0.92655444	-0.90655863	0.82890534	0.79618514	-0.7843146	-0.88937366
0.1891374	-0.115130566	-0.15030503	0.16694012	0.21567363	-0.1490839	-0.19944109	-0.16449903	-0.18076484	-0.15537658	-0.22549874	-0.17419696	0.21693048	0.17271894	-0.22392036	-0.15748516
0.012456438	-0.06416165	-0.039873827	0.087188944	0.0050726444	-0.039189	-0.09419644	-0.026045764	-0.04124205	-0.074172534	-0.02840869	-0.04413668	0.08455089	0.004643537	-0.029284792	-0.020649966
-0.011295961	0.035106197	-0.10026928	0.04283556	0.07017216	-0.0063113268	0.0060973754	-0.04086024	0.002357361	0.0014723018	-0.013864016	-0.03732524	0.03754229	0.053209804	-0.026548099	-0.022227459
0.63844097	-0.7031774	-0.5805426	0.63020253	0.6824999	-0.57554245	-0.6412741	-0.5622634	-0.57881296	-0.6439406	-0.7039531	-0.6412452	0.69860065	0.6113721	-0.7021527	-0.73246056
-0.13683015	0.20584157	0.048903912	-0.12563796	-0.12169203	0.073050536	0.1863466	0.12047388	0.17714746	0.20859316	0.14801092	0.11906657	-0.14902882	-0.12655298	0.18960635	0.15829118
0.5908512	-0.53274584	-0.551539	0.5776486	0.566893	-0.46401772	-0.54192376	-0.558797	-0.5191092	-0.6017439	-0.5612607	-0.6175497	0.5752222	0.5654774	-0.55713725	-0.6116672
0.08924226	-0.04653855	-0.13662252	0.14413905	0.1180887	-0.08648903	-0.057760816	-0.02262996	-0.012437995	0.0313588	-0.046191465	-0.075565234	0.119548984	0.11892543	-0.06959409	-0.12377778
-0.06647087	0.099257864	-0.001378259	-0.11509535	-0.03119284	-0.0009748066	0.07629616	0.023087619	0.116488524	0.08536102	0.11348627	0.061177284	-0.051519953	-0.049162414	0.094494596	0.12164016
-0.95574707	0.9264133	0.761269	-0.8922676	-0.9615007	0.76010084	0.926199	0.88380814	0.89610946	0.935609	0.9768281	0.9562531	-0.9691047	-0.91883683	0.87494755	0.9610382
0.7872407	-0.83265877	-0.73964965	0.7932073	0.7878857	-0.7742485	-0.83718216	-0.7816541	-0.8020361	-0.73761266	-0.93753713	-0.8144638	0.8433302	0.8533552	-0.85933363	-0.8212058
0.11654803	-0.14487192	-0.1556313	0.13303089	0.12052693	-0.03483269	-0.05175308	-0.07883663	-0.13595206	-0.097746916	-0.14551926	-0.14799358	0.10682165	0.11665004	-0.15836266	-0.15322131
0.34152588	-0.34012958	-0.30464935	0.31814167	0.33041307	-0.2566703	-0.3260554	-0.29563257	-0.27685574	-0.24355476	-0.3585904	-0.27929118	0.36500213	0.29201612	-0.3475583	-0.33885828
-0.5797019	0.62467015	0.46091565	-0.5669412	-0.5568916	0.52246094	0.65390676	0.58729976	0.603313	0.61127996	0.6244094	0.68274504	-0.6599289	-0.5653348	0.58070326	0.6429822
0.35245645	-0.32074192	-0.31807008	0.37392676	0.32100895	-0.2416733	-0.39833653	-0.30728725	-0.36523885	-0.33723903	-0.39390305	-0.33994085	0.38372198	0.35006163	-0.3716024	-0.4168612
0.25623536	-0.25459367	-0.20536947	0.26539063	0.32786024	-0.18958336	-0.20987608	-0.18159753	-0.21345799	-0.24654767	-0.24391775	-0.27213472	0.20804459	0.28028703	-0.31978163	-0.2767697
-0.052222144	0.100655936	0.019011108	-0.01946872	-0.02031462	0.03126511	0.037898086	0.10797394	0.037056424	0.06168011	0.12490747	0.026031606	-0.038457993	-0.0998755	0.100287236	0.08356628
-0.2779283	0.26667684	0.21244304	-0.27612814	-0.21290104	0.1859935	0.2767225	0.27356988	0.20216548	0.28165072	0.26835144	0.18316068	-0.2962504	-0.25665808	0.20693402	0.22684316
-0.18100688	0.17558908	0.0421234	-0.13924769	-0.21215007	0.07419219	0.19240648	0.14608346	0.20300436	0.13944663	0.16956827	0.16690262	-0.16426736	-0.16500036	0.22343622	0.22404459
0.06704335	-0.009036877	-0.12426121	0.01589043	0.03767961	-0.065259896	0.0047489433	-0.06888224	-0.0113028865	-0.025375145	-0.1013237	-0.07792644	0.055924695	0.046667777	-0.020281352	-0.08832311
0.006941665	0.011537642	-0.02968836	-0.010680771	0.07223369	-0.083179265	0.03224665	-0.07589539	-0.041792024	-0.047679435	-0.01411082	-0.05547633	0.024079528	0.049522825	-0.04776868	-0.051726263
-0.39261585	0.426452	0.096385345	-0.33428127	-0.41113323	0.2648882	0.4123564	0.32827693	0.41518068	0.38477385	0.4320115	0.4572638	-0.43701237	-0.3965911	0.36314952	0.3644151
-0.10202464	0.08788493	0.081139214	-0.040518202	-0.021573592	0.10344265	-0.00261039	0.11148073	0.066085085	0.09181457	0.01635026	0.09984629	-0.057911918	-0.008016212	0.02040132	0.033164807
0.3135651	-0.36314926	-0.3104745	0.29280835	0.35413983	-0.27979547	-0.29732397	-0.29674715	-0.3240114	-0.26121938	-0.3264455	-0.28655457	0.32915184	0.28058904	-0.32317123	-0.34782955
-0.3184993	0.28109962	0.2569491	-0.29028034	-0.2677712	0.28621468	0.24422644	0.2915	0.25827062	0.26290804	0.3367905	0.23978667	-0.33382842	-0.32176217	0.25409427	0.32311207
-0.16065682	0.21569596	0.090240985	-0.18817055	-0.15286641	0.080757596	0.20730859	0.089633875	0.17185822	0.13538451	0.15788054	0.17334114	-0.15908208	-0.14744668	0.1373753	0.1441899
0.7671902	-0.7384772	-0.66446877	0.6800537	0.78445303	-0.6214774	-0.7495204	-0.7520543	-0.7467983	-0.75885797	-0.8688074	-0.8395282	0.8590063	0.7152795	-0.75394726	-0.80214226
-0.49022907	0.5448078	0.31267464	-0.47095156	-0.45987907	0.34753698	0.5207066	0.46241683	0.4565394	0.5325527	0.56165546	0.5644113	-0.5127042	-0.5085232	0.46869987	0.53572917
-0.11516774	0.20040178	0.05235939	-0.14696783	-0.13766839	0.08330761	0.20873792	0.12629998	0.1524243	0.17566538	0.20425887	0.169265	-0.14010708	-0.17078824	0.18494762	0.19389448
0.9394145	-0.8885135	-0.8232308	0.8957198	0.87696534	-0.77232206	-0.92565465	-0.83972937	-0.8948994	-0.94630086	-1.0247065	-0.9326812	0.9810018	0.8547615	-0.9187588	-0.9374096
-0.24233435	0.22963333	0.034986757	-0.21355933	-0.24860442	0.1338101	0.21994577	0.18368557	0.23909758	0.19602402	0.20455667	0.26018685	-0.23603188	-0.21155567	0.2372356	0.22239605
-0.5658145	0.62379307	0.5109058	-0.5589266	-0.55792063	0.5154757	0.6024326	0.5099243	0.6007765	0.60228926	0.5879371	0.5669674	-0.58048743	-0.58565485	0.6074459	0.61381847
0.048345193	-0.09213845	-0.053893495	0.06452917	0.1320782	-0.119906895	-0.024316804	-0.08848537	-0.025221085	-0.0947481	-0.11566872	-0.107048884	0.08501664	0.051272254	-0.11423278	-0.07699278
-0.32629666	0.27515405	0.11252572	-0.2939463	-0.32625854	0.26629075	0.29774562	0.30398363	0.30178738	0.37250498	0.26001227	0.2715015	-0.28841087	-0.32831326	0.27187914	0.2558119
-0.049532607	-0.015769692	0.04344676	0.04014645	-0.030932304	-0.016279984	0.021934973	0.06251117	0.017722078	0.025924336	0.037837975	-0.0040384815	-0.028865693	-0.023828527	-0.039095137	-0.004406704
0.0328454	-0.06506241	-0.10414909	0.08626524	0.08303612	-0.014580602	-0.07141912	-0.070052266	-0.06369627	0.006219037	-0.06561456	-0.10673766	0.04027204	0.04437382	-0.036978707	-0.069736116
-0.26824197	0.30298942	0.15261245	-0.24856554	-0.30527678	0.23432833	0.30069277	0.28209442	0.2965625	0.29864475	0.34959143	0.28835574	-0.34272107	-0.31542048	0.34211496	0.30956987
0.19076976	-0.21350469	-0.21071096	0.16099076	0.15566997	-0.11179134	-0.14007622	-0.18955755	-0.11777244	-0.1077512	-0.15213653	-0.19024955	0.21911153	0.14423755	-0.23783271	-0.24911946
-0.5967294	0.53488743	0.43060136	-0.57220966	-0.57974994	0.50345093	0.526127	0.52569413	0.543279	0.5220575	0.59108657	0.55319023	-0.6172062	-0.5967536	0.53716195	0.58155173
0.0014522015	-0.04514246	-0.18871464	0.034399964	0.086650744	-0.11655645	-0.020291826	-0.0608664	-0.008105901	0.03406194	-0.050137106	-0.005209714	0.044392277	0.021541432	-0.07215194	-0.09162629
-0.14517197	0.118291385	0.116354555	-0.16061772	-0.15694685	0.104693376	0.11678223	0.16704458	0.15391508	0.12966964	0.14387374	0.13250895	-0.18372293	-0.15575749	0.12207591	0.13470729
-0.31812242	0.27895838	0.23422796	-0.27203116	-0.27247635	0.30448383	0.27383542	0.28126067	0.34542093	0.36067653	0.32260695	0.29883718	-0.26949823	-0.3022577	0.26921842	0.30868283
0.20785508	-0.26890457	-0.2440482	0.26331246	0.25447765	-0.19275528	-0.28848785	-0.27311006	-0.1984765	-0.24464498	-0.2819083	-0.23055206	0.21902707	0.26813343	-0.30968183	-0.22630312
0.08630522	-0.14783487	-0.14042383	0.14681895	0.078481816	-0.08452594	-0.061687015	-0.104169875	-0.080618344	-0.10715048	-0.15988666	-0.14254047	0.12729041	0.076017	-0.1058642	-0.12377611
-0.06441379	0.12656632	0.124895535	-0.10908558	-0.07558072	0.10316325	0.102384865	0.096252784	0.0857198	0.1545748	0.090659164	0.13844736	-0.08949075	-0.06725518	0.14336067	0.130088
-0.17939648	0.19417775	0.18317553	-0.13572347	-0.1927449	0.21930884	0.19747068	0.13985799	0.1541188	0.1668937	0.18613648	0.18702143	-0.2305432	-0.19789542	0.120487325	0.17973451
0.44490278	-0.5092472	-0.43858716	0.50733626	0.46526387	-0.4558784	-0.43626896	-0.4805915	-0.42298976	-0.42127135	-0.48016894	-0.4456043	0.4417483	0.47587556	-0.48442435	-0.54186463
-0.46004125	0.43922347	0.21684985	-0.49890226	-0.48417214	0.36514518	0.4801447	0.4054634	0.49314415	0.47304976	0.49998763	0.47637463	-0.5422055	-0.43214443	0.50383365	0.46669137
0.10055344	-0.0575473	-0.05252829	0.078884944	0.047187675	0.004690654	-0.029830981	-0.04258822	-0.017234063	-0.1025931	-0.057820264	-0.035553496	0.10499379	0.07499128	-0.032074656	-0.07222871
0.23620655	-0.18281321	-0.20482337	0.22039767	0.28399798	-0.15769683	-0.16213492	-0.24714047	-0.1437165	-0.13180293	-0.22946718	-0.1967961	0.24033988	0.17107747	-0.23790388	-0.24213764
-0.105518535	0.038068123	0.031898923	-0.034661368	-0.078561574	0.04107102	0.070508204	0.06257733	0.08835686	0.12691265	0.0913243	0.11337535	-0.039549846	-0.0654585	0.11686976	0.10576468
0.15287381	-0.21721794	-0.24302505	0.24032147	0.26645073	-0.17232902	-0.16948813	-0.22316445	-0.12788978	-0.17730074	-0.24433827	-0.2294654	0.24683174	0.2290615	-0.22643891	-0.24659316
0.55937284	-0.4847777	-0.48105535	0.47574192	0.5609618	-0.4238767	-0.5264035	-0.5098748	-0.54575855	-0.50606227	-0.57596195	-0.5992253	0.5515354	0.5476717	-0.48700333	-0.51710576
-0.17353725	0.11520559	0.07596204	-0.13865575	-0.14153095	0.097310014	0.103882805	0.12308221	0.15639032	0.16679406	0.11162186	0.14405766	-0.09588859	-0.17189832	0.13894509	0.093907766
0.41575143	-0.40138006	-0.36672732	0.40385327	0.4068248	-0.3377048	-0.3548953	-0.3788172	-0.42742363	-0.38203704	-0.45473596	-0.40699118	0.4373664	0.4047458	-0.4586509	-0.47897413
0.17865081	-0.19594575	-0.105858326	0.15762803	0.123728015	-0.0958056	-0.08709827	-0.09979324	-0.17179397	-0.15647201	-0.17089552	-0.13760403	0.10031908	0.17297602	-0.19423498	-0.17372222
-0.13352986	0.1696981	0.042519428	-0.1181703	-0.07518214	0.1306693	0.122313164	0.14043848	0.09829714	0.20777957	0.17480081	0.14221263	-0.09981633	-0.09300888	0.17877313	0.124810435
-0.13127749	0.19390447	0.019788492	-0.12746073	-0.14123306	0.1639948	0.16422372	0.1888104	0.17460877	0.16956304	0.18791902	0.17125875	-0.21247967	-0.21234661	0.17116244	0.2144731
0.27278686	-0.2393182	-0.22245264	0.23046091	0.26803306	-0.23091088	-0.19532819	-0.28898358	-0.2323138	-0.20972328	-0.23472303	-0.2178668	0.25737765	0.21214014	-0.20754482	-0.21491139
-0.15706138	0.20430343	0.11775234	-0.11090045	-0.15275241	0.16312751	0.14356549	0.1191076	0.15325053	0.15260616	0.11356434	0.119913846	-0.20191523	-0.13300341	0.14810768	0.18871178
-0.18188518	0.25579152	0.24995722	-0.26713017	-0.17743644	0.20698488	0.19462301	0.23360974	0.25676796	0.26089168	0.2274567	0.21423133	-0.22731219	-0.17894079	0.21582669	0.25722983
0.11725236	-0.13245158	-0.17106779	0.19099803	0.17787904	-0.075297594	-0.12342416	-0.140657	-0.16041812	-0.11948183	-0.1348354	-0.11467077	0.1302994	0.17977999	-0.20371494	-0.15732935
-0.15109916	0.119204015	0.056163643	-0.089828975	-0.08343109	0.025877265	0.09609813	0.08017247	0.15689997	0.14057109	0.15341717	0.10721333	-0.049857765	-0.14033085	0.09456305	0.14371318
-0.026416777	0.08477774	-0.0056708325	-0.0052206805	-0.0930709	-0.017259868	0.04259586	0.036966197	0.032901123	0.017274426	0.049729716	0.06054926	-0.083820984	-0.06946415	0.06605223	0.05865004
0.2164182	-0.20576167	-0.37569815	0.18451801	0.23644522	-0.2262101	-0.1748772	-0.20427394	-0.16520904	-0.16849329	-0.27117538	-0.25273833	0.21558517	0.17920437	-0.20260221	-0.21960703
0.30566987	-0.26388597	-0.22131751	0.33132803	0.31359875	-0.24328391	-0.33120716	-0.23442896	-0.31968492	-0.320762	-0.31616798	-0.3318523	0.33299136	0.34517145	-0.299167	-0.2642592
-0.36419368	0.40720898	0.28650492	-0.30323684	-0.32682738	0.299773	0.3600952	0.30644146	0.3229166	0.3612988	0.425745	0.33227885	-0.3476163	-0.3919884	0.38092294	0.40168107
0.78515416	-0.8518284	-0.7106187	0.8055828	0.77226627	-0.7545202	-0.84012157	-0.7917898	-0.76274854	-0.7939867	-0.9119733	-0.8616623	0.87758833	0.84120876	-0.84749246	-0.87919116
0.15862323	-0.09734273	-0.17030199	0.16874774	0.17912826	-0.18885936	-0.12391521	-0.18166257	-0.09406534	-0.101549506	-0.18495174	-0.18360893	0.10198031	0.17142744	-0.15253031	-0.17313214
0.4018917	-0.40743434	-0.42695177	0.4305558	0.3889618	-0.35767245	-0.40214026	-0.4039402	-0.37339363	-0.3573076	-0.4871654	-0.40284538	0.43330538	0.46500975	-0.4071844	-0.43712652
-0.8000973	0.75683665	0.54239035	-0.6655169	-0.7625899	0.709101	0.73084944	0.7476123	0.8059713	0.78727454	0.87656295	0.8383405	-0.78908265	-0.76948357	0.79602444	0.79004157
0.06539762	-0.13697	-0.09706709	0.11813922	0.1458916	-0.04673428	-0.07222479	-0.073702335	-0.13761804	-0.12094413	-0.059286766	-0.11131067	0.10499361	0.06690226	-0.09936562	-0.06529351
0.21353886	-0.15743208	-0.12777749	0.19301185	0.20238394	-0.22058672	-0.23905386	-0.21130802	-0.23263341	-0.18742213	-0.18612069	-0.20996651	0.19895522	0.21566898	-0.22408436	-0.25655675
0.5178875	-0.518115	-0.4954937	0.51379645	0.5362668	-0.46515507	-0.54198724	-0.5645787	-0.5137415	-0.594472	-0.58015674	-0.52277356	0.57849485	0.5530152	-0.5353128	-0.56049913
-0.16575871	0.20566499	-0.088943265	-0.24555895	-0.23334497	0.12873024	0.26923135	0.18510897	0.22338973	0.24808764	0.17162427	0.2787266	-0.2593339	-0.20745772	0.25881967	0.16676393
-0.070180036	0.07075957	0.06301873	-0.033521757	-0.0657201	0.11214615	0.11821652	0.06915699	0.1038325	0.09952006	0.11692511	0.13560937	-0.09292476	-0.045423113	0.027104352	0.024439802
0.28096482	-0.30058017	-0.2337394	0.3167005	0.31268996	-0.22315271	-0.27578807	-0.22914547	-0.3335838	-0.27374247	-0.299529	-0.3692819	0.30478403	0.28704125	-0.35803974	-0.37925044
-0.16663271	0.1371058	0.027675183	-0.18810757	-0.15407225	0.124919906	0.18454176	0.10290625	0.20840761	0.16296802	0.19298637	0.11088833	-0.11429414	-0.16628274	0.1538021	0.16705985
-0.16147448	0.10032511	0.08169587	-0.12936848	-0.10135028	0.0965167	0.17283615	0.10203857	0.1549317	0.20252916	0.10538196	0.19068612	-0.1611711	-0.09986964	0.11477393	0.16682015
0.37607923	-0.35368088	-0.41619846	0.3890949	0.44737968	-0.3488579	-0.3667906	-0.41620746	-0.39680767	-0.34174246	-0.4433923	-0.38989288	0.3693314	0.4329638	-0.4130411	-0.41855013
0.31040058	-0.32252553	-0.26806825	0.29351225	0.3221658	-0.2444064	-0.32958144	-0.26058382	-0.2304126	-0.22397803	-0.2721295	-0.27624333	0.2912658	0.26183286	-0.33989254	-0.31917524
-0.1145448	0.12719034	0.16966897	-0.11378189	-0.1832618	0.12837109	0.11550324	0.17923099	0.19577362	0.109077774	0.1750318	0.20329523	-0.13024883	-0.13092619	0.18816113	0.16086704
-0.2862902	0.31254604	0.24590588	-0.27098528	-0.27686152	0.25217924	0.32558462	0.317351	0.32192874	0.3448795	0.34686002	0.25886795	-0.26487422	-0.27536353	0.22432363	0.30249614
0.037345633	-0.0050263815	-0.06791946	0.0034733636	0.027736574	-0.09770671	0.037942875	-0.038426578	-0.0066741738	0.057770092	-0.08454607	-0.057828307	0.014638205	-0.0267819	-0.07331471	-0.04380076
0.27699244	-0.25250438	-0.31771666	0.32810852	0.303782	-0.23521386	-0.31752864	-0.31928068	-0.24364832	-0.2784975	-0.31774318	-0.33859482	0.3146764	0.34446016	-0.34128553	-0.32778102
0.13319053	-0.15957259	-0.17544447	0.1471173	0.21219274	-0.18464917	-0.17688835	-0.1561619	-0.15691832	-0.17382945	-0.16812062	-0.1543067	0.15153368	0.16617326	-0.21733011	-0.19233836
0.39575306	-0.35173306	-0.38403264	0.31177217	0.37012982	-0.3578498	-0.3566206	-0.31032357	-0.3164492	-0.3492995	-0.36683372	-0.35766676	0.39855736	0.3426596	-0.40054384	-0.39765915
0.31949973	-0.3188649	-0.3330223	0.30067444	0.31140512	-0.25838003	-0.38708442	-0.3424271	-0.35770258	-0.33010557	-0.33253273	-0.3206866	0.34366316	0.3603065	-0.30722347	-0.31087705
-0.29854885	0.3056265	0.0909239	-0.26727235	-0.28570512	0.20541401	0.31476444	0.2952459	0.30398864	0.29290932	0.27021948	0.35087934	-0.3569244	-0.28497645	0.32037565	0.34933385
-0.15952586	0.22299881	0.10855984	-0.17898215	-0.15073209	0.087321475	0.19852991	0.13806356	0.1890156	0.17784831	0.15343006	0.15550049	-0.18901734	-0.14844558	0.13836573	0.13980475
-0.26642546	0.2537082	0.07949093	-0.29532343	-0.26662558	0.14084835	0.31662235	0.18638173	0.2658373	0.2981848	0.24215512	0.29048374	-0.33274135	-0.23404789	0.29968664	0.32073757
-0.31918097	0.27421105	0.13204592	-0.2889583	-0.24133515	0.23771408	0.27259555	0.24610378	0.2777711	0.311945	0.31564888	0.27934173	-0.25487545	-0.32218552	0.32282093	0.28140315
-0.021516105	-0.04247396	-0.13776846	0.018840108	0.031473354	-0.09018515	0.002438884	-0.01288817	0.007037492	-0.018041879	-0.06201217	-0.029657388	-0.021347431	-0.0018466039	-0.053105373	-0.06399373
-0.09181188	0.116513506	0.024534134	-0.10462115	-0.10029434	0.09840056	0.14753412	0.061759662	0.11389539	0.09575569	0.0917291	0.04906457	-0.10948575	-0.07852796	0.060950153	0.1306764
0.014510867	-0.05247638	-0.123580694	0.011677128	0.030099588	-0.038438268	-0.028899595	-0.08015737	-0.030388374	0.06910938	0.0059441812	0.0059313704	0.001573288	0.017921502	-0.07239853	-0.050833438
-0.10665233	0.052223876	0.110481575	-0.07531081	-0.06472327	0.033250604	0.0374226	0.10706992	0.0572022	0.100662634	0.104103275	0.05018851	-0.11753758	-0.071405776	0.11901055	0.055939026
-0.76495725	0.73519117	0.6177128	-0.7455562	-0.75744873	0.6135192	0.7434776	0.7592468	0.772844	0.77525514	0.8416882	0.82652026	-0.7733017	-0.7388591	0.730339	0.76748437
-0.21916685	0.14811538	0.07571051	-0.15831201	-0.22031146	0.09941197	0.1545734	0.12854701	0.16661975	0.16515435	0.20755932	0.18579136	-0.21254833	-0.19277927	0.13403898	0.23020466
0.1004808	-0.104190804	-0.044636868	0.038533516	0.054598905	-0.075510144	-0.050671972	-0.061581917	-0.006348205	-0.043731112	-0.10567317	-0.05331439	0.054422542	0.065743834	-0.10497022	-0.07814843
0.66505307	-0.64132935	-0.5863546	0.66807365	0.60743254	-0.59695435	-0.6014705	-0.6498554	-0.6271808	-0.64255065	-0.70798314	-0.6625253	0.7056127	0.67185295	-0.631218	-0.6921938
-0.15254225	0.15275483	0.04469793	-0.06278636	-0.11990113	0.036731936	0.08508134	0.07610947	0.10007131	0.12642881	0.122668654	0.09286493	-0.09210955	-0.13076748	0.08732974	0.11851003
0.23174341	-0.16133714	-0.24488984	0.22064722	0.1924061	-0.20267539	-0.22986495	-0.24997595	-0.18895355	-0.13920918	-0.1800006	-0.18998846	0.18228143	0.23379344	-0.21968044	-0.17256942
-0.17073442	0.1988828	0.07295041	-0.112649284	-0.13412766	0.08027189	0.17445636	0.13282391	0.14157398	0.15907611	0.13648699	0.11692005	-0.10862501	-0.10803806	0.11742144	0.19722788
0.4813535	-0.49728215	-0.45600182	0.5002745	0.4761155	-0.4925842	-0.44764644	-0.51696455	-0.46003193	-0.47744402	-0.52809304	-0.48851573	0.54939926	0.45695406	-0.52515566	-0.54251146
-0.0030539075	-0.017445607	0.050267696	-0.055368014	-0.035033755	-0.009737512	0.00025478165	0.03997418	0.00032268174	0.044611555	0.018216904	0.054817248	0.0034790142	-0.04493257	-0.0057871635	0.0020436428
0.35742933	-0.29277146	-0.33129758	0.31708035	0.30903438	-0.28782398	-0.38214844	-0.34232742	-0.29614505	-0.2781036	-0.3678887	-0.32387865	0.32569015	0.38160378	-0.38102964	-0.311476
-0.36981478	0.40504068	0.22150968	-0.34198976	-0.3711039	0.27687633	0.4011672	0.35176796	0.3648419	0.3218228	0.42831296	0.3712882	-0.35692966	-0.32457033	0.3878962	0.41175196
-0.026700972	0.025394397	-0.010686185	-0.0017982558	0.015481632	-0.022811573	-0.023750214	-0.06381572	-0.013466077	0.012896389	-0.027176308	0.03802879	0.0521833	0.05873365	0.019870996	0.008392502
-0.3714138	0.4596188	0.18988197	-0.42941123	-0.44807795	0.27673465	0.4365736	0.35000578	0.3642295	0.4840484	0.48349243	0.4579702	-0.40720642	-0.39634237	0.3788081	0.40271768
-0.030507127	0.109598234	0.06634761	-0.11147292	-0.09775124	0.033317927	0.097079724	0.09576086	0.09745997	0.12551492	0.07384194	0.08132699	-0.08398539	-0.055094603	0.055649422	0.07720855
-0.4006153	0.37873662	0.26170263	-0.33665636	-0.3718166	0.3415463	0.34743083	0.32805276	0.37843713	0.35042724	0.37884027	0.3656256	-0.3407241	-0.33372194	0.32242328	0.4270652
-0.3396686	0.36329076	0.19383565	-0.36678287	-0.32343367	0.27279776	0.39190978	0.29920286	0.3716957	0.34135893	0.39966804	0.37366116	-0.32342556	-0.3736681	0.35556582	0.39073664
-0.1849003	0.17295668	0.1167396	-0.18730146	-0.21052738	0.12946303	0.15329956	0.1333555	0.18237124	0.19351777	0.21956249	0.1726567	-0.21607044	-0.2059966	0.14780493	0.22544175
-0.43098247	0.4938261	0.2697811	-0.4165939	-0.47027984	0.32701707	0.45675036	0.35169113	0.44360322	0.41406783	0.49544483	0.46952975	-0.46672833	-0.4989888	0.45062274	0.4179877
0.42519993	-0.41746068	-0.34202918	0.34883726	0.40007946	-0.42915463	-0.4130194	-0.35254252	-0.40882492	-0.32214996	-0.42051107	-0.39916366	0.3831336	0.40510315	-0.36913192	-0.3737404
0.3636766	-0.3367334	-0.39494383	0.372487	0.37586415	-0.32356203	-0.31960884	-0.37656388	-0.33185118	-0.34763038	-0.38646805	-0.37132856	0.36286378	0.3074506	-0.30791277	-0.3640927
0.23108092	-0.25048143	-0.20703822	0.21272218	0.19817974	-0.19773944	-0.16897775	-0.19181558	-0.244183	-0.22452708	-0.30006674	-0.28217182	0.23003662	0.17547914	-0.2291976	-0.22812113
0.2396866	-0.2844795	-0.19066605	0.26301616	0.32549447	-0.19936599	-0.30819303	-0.29055423	-0.21537884	-0.23711172	-0.27710223	-0.2651694	0.24233471	0.268898	-0.31687376	-0.2957079
-0.053961143	0.108819455	-0.022031415	-0.055204023	-0.02548001	0.03647009	0.046802662	0.00854441	0.082909875	0.089852065	0.031499717	0.05722603	-0.056197826	-0.07647215	0.050776504	0.1096298
0.2939893	-0.32887235	-0.273195	0.2901848	0.22299631	-0.17672208	-0.28941503	-0.17951757	-0.31849498	-0.24596089	-0.30201766	-0.28078994	0.27908152	0.22195639	-0.3152849	-0.269295
0.11301623	-0.121335395	-0.08972168	0.14611389	0.10648553	-0.10307557	-0.10116134	-0.16861536	-0.080445394	-0.09294193	-0.16856457	-0.15264826	0.1029071	0.122779235	-0.11802797	-0.17785114
-0.045934714	0.10056777	0.07881749	-0.05308501	-0.07665175	0.08560399	0.062291484	0.039971605	0.06437095	0.118763775	0.095993154	0.018183758	-0.037814606	-0.053105183	0.118218966	0.041913927
-0.23239046	0.2101935	-0.056143276	-0.14949499	-0.209892	0.11180504	0.210882	0.10496649	0.2558118	0.2582522	0.22966307	0.1897295	-0.20384076	-0.23120528	0.24276376	0.180443
-0.02022621	-0.021512825	-0.13098258	-0.00410444	0.008430698	-0.095713474	0.011256886	-0.07882335	-0.0022616405	0.041574635	-0.002854095	-0.045772094	-0.02620392	0.010833349	0.0075416653	-0.05829181
-0.72871757	0.7611496	0.61360687	-0.77286345	-0.791438	0.6371085	0.77460515	0.69635403	0.701557	0.74635893	0.781864	0.8080437	-0.81636137	-0.7981375	0.76316	0.7792601
-0.3552838	0.36656934	0.3523918	-0.34529358	-0.35022372	0.3320092	0.42606908	0.36682758	0.3569147	0.39780283	0.41931096	0.37760687	-0.47187886	-0.43154353	0.43739247	0.3699367
0.14233868	-0.102575585	-0.1511453	0.09023795	0.17055745	-0.10479604	-0.12918147	-0.14188033	-0.10819678	-0.120259926	-0.09958732	-0.1145819	0.18180305	0.16027167	-0.10331305	-0.10417585
0.29364833	-0.24724263	-0.31532103	0.27587578	0.24222422	-0.3105538	-0.30355915	-0.24183732	-0.31429315	-0.2904027	-0.31014428	-0.26806372	0.3283371	0.31098643	-0.33531043	-0.26181975
-0.042124864	0.10391517	0.037191465	-0.048605826	-0.024622658	0.056701086	0.056606937	0.09470374	0.04458291	0.07845678	0.06521689	0.034540176	-0.09301046	-0.10131771	0.020953804	0.07040054
0.102943815	-0.076197244	-0.08361701	0.057057593	0.04249993	-0.07872057	-0.054858554	-0.11320933	-0.07641658	-0.086104885	-0.06437131	-0.02816069	0.12965934	0.115095414	-0.037365224	-0.051747274
0.31085193	-0.30298063	-0.29326928	0.31806213	0.2754136	-0.26687583	-0.26020533	-0.32613006	-0.22186194	-0.2526165	-0.35480267	-0.3157164	0.29926196	0.2580204	-0.31042323	-0.34466296
0.255328	-0.30323315	-0.33531386	0.23902044	0.28280923	-0.24671541	-0.2979699	-0.25634617	-0.2819175	-0.2641037	-0.3300264	-0.31878096	0.27672818	0.25155735	-0.23957834	-0.2848486
-0.3859745	0.44132563	0.21301769	-0.38395008	-0.37133092	0.2926261	0.44586298	0.3655597	0.35658056	0.43430185	0.38050067	0.4452871	-0.41661388	-0.38497323	0.38444573	0.422711
-0.14064097	0.17611511	-0.014416809	-0.09915468	-0.16642608	0.0726239	0.1981862	0.16982563	0.18088003	0.19508718	0.17131469	0.09969997	-0.1144273	-0.18089008	0.0874587	0.1563141
0.119103216	-0.1647004	-0.1880278	0.086343944	0.15804267	-0.1732193	-0.12823932	-0.099450335	-0.17018616	-0.1613446	-0.20243348	-0.13518468	0.10544155	0.12269889	-0.18628767	-0.18119244
-0.0012322341	0.0066054873	-0.066325955	0.015464705	0.07803988	-0.050976522	-0.063180394	0.0062825345	-0.042778604	-0.055770375	-0.037707947	-0.055752613	0.0382522	-0.0055042803	-0.047534823	0.005252188
0.17283022	-0.19732279	-0.24349026	0.16992202	0.23398335	-0.17916515	-0.18454368	-0.22680663	-0.1714488	-0.114745624	-0.23496987	-0.21681245	0.18707842	0.21336268	-0.19115818	-0.20655672
0.19935764	-0.16105929	-0.16236869	0.19565412	0.19838928	-0.10700979	-0.18096347	-0.17288819	-0.21490489	-0.16747388	-0.1495093	-0.24266651	0.21580487	0.14965877	-0.22790246	-0.16457845
0.16133088	-0.17023844	-0.2045014	0.1612208	0.14929454	-0.17622209	-0.11932244	-0.1765277	-0.13561101	-0.18973073	-0.1512322	-0.16088474	0.2052108	0.11633277	-0.15623416	-0.15807655
0.23396032	-0.19251084	-0.22170405	0.19695102	0.26478425	-0.19758335	-0.17294909	-0.18955487	-0.14116225	-0.14614263	-0.27071422	-0.18694353	0.21409726	0.21981807	-0.23706459	-0.20410241
-0.118130095	0.087787956	-0.02934712	-0.13924135	-0.11748651	0.025936507	0.16844921	0.06851528	0.1154612	0.122882925	0.0831975	0.13378198	-0.10061179	-0.15256654	0.13844442	0.096877396
0.21102639	-0.21209167	-0.1406292	0.14064784	0.2102123	-0.14600605	-0.107292086	-0.14140972	-0.15554482	-0.16897035	-0.22130303	-0.22954433	0.1916297	0.1545996	-0.18909535	-0.18508309
0.27246863	-0.23544988	-0.27396348	0.22058213	0.28358024	-0.26241067	-0.23288792	-0.20151551	-0.22467855	-0.20273362	-0.30896106	-0.27165815	0.29039562	0.20051166	-0.2854334	-0.21453233
-0.22510488	0.15958667	0.2616004	-0.14926052	-0.15905349	0.16771072	0.19191879	0.1805804	0.16613352	0.23013844	0.23622233	0.1985893	-0.20101073	-0.17978713	0.23591056	0.22900479
0.44143897	-0.4764688	-0.46577117	0.4337846	0.51703256	-0.45839152	-0.47878897	-0.43481123	-0.47228748	-0.4557735	-0.52448905	-0.49001992	0.5352803	0.48397055	-0.52007955	-0.52382743
-0.069939815	0.11805879	0.0011006533	-0.08836939	-0.11503342	0.059496623	0.12437421	0.1354292	0.079332344	0.12823036	0.14589995	0.109636664	-0.117834985	-0.07675799	0.13922869	0.14317134
0.22397698	-0.19487956	-0.18054582	0.15401627	0.20328821	-0.20309249	-0.19749995	-0.1677652	-0.15983462	-0.15593341	-0.19281512	-0.15663265	0.24950534	0.20023851	-0.22063605	-0.23568192
0.7124272	-0.7089933	-0.60678965	0.6933004	0.6486259	-0.6674548	-0.6985974	-0.6871626	-0.665382	-0.6503148	-0.7041056	-0.7271149	0.7012662	0.68347806	-0.6789714	-0.727507
-0.15295897	0.12605385	0.18922085	-0.13179487	-0.14032425	0.15323538	0.12847961	0.15356289	0.18034637	0.10940696	0.14443885	0.15178998	-0.16918345	-0.1506608	0.15035738	0.17738989
-0.3874653	0.384661	0.31535125	-0.31844682	-0.33129486	0.29303846	0.42401373	0.3872564	0.3347709	0.36769435	0.4118072	0.39799935	-0.3601194	-0.3826448	0.41349125	0.421663
0.1656589	-0.18078505	-0.19739358	0.22682467	0.20241018	-0.15262182	-0.1849631	-0.19435388	-0.12157294	-0.16467692	-0.17100863	-0.19542985	0.1539346	0.2058153	-0.20322698	-0.21605875
-0.057971157	0.17245044	-0.066491425	-0.08305398	-0.12400256	0.0051891417	0.1032229	0.103802994	0.08114292	0.15356052	0.12147061	0.15975343	-0.11794371	-0.13100395	0.12911932	0.07895877
0.4356539	-0.44461897	-0.40787593	0.43251848	0.43275514	-0.37845203	-0.42578393	-0.42657724	-0.45726785	-0.39338732	-0.5610137	-0.50851274	0.48920107	0.42986673	-0.45862654	-0.437838
0.20729606	-0.20635132	-0.19691953	0.20669374	0.1543264	-0.19875081	-0.18532209	-0.12880772	-0.20965263	-0.14309604	-0.19506966	-0.13910885	0.18004069	0.21520348	-0.16355903	-0.14475346
0.22099604	-0.27888793	-0.26696792	0.2598224	0.23451301	-0.2608652	-0.18297529	-0.24867988	-0.24567099	-0.25325763	-0.25107172	-0.2702716	0.27297065	0.25558993	-0.2897022	-0.25106472
0.39862484	-0.40443924	-0.34597886	0.382059	0.42922893	-0.3732425	-0.41273752	-0.32618684	-0.356039	-0.36147043	-0.4155108	-0.42213115	0.36386418	0.3374473	-0.40544543	-0.44357517
0.10263909	-0.11469194	-0.20312098	0.16798647	0.08284845	-0.1620213	-0.06706557	-0.18417048	-0.1337207	-0.07254155	-0.16180483	-0.114089906	0.10337956	0.15528232	-0.12156216	-0.18524946
-0.1444022	0.16638029	0.1169952	-0.19566454	-0.1203659	0.106647484	0.18416066	0.1553574	0.18506199	0.17982326	0.1911898	0.19134225	-0.12771672	-0.1590194	0.12012171	0.15755089
0.35650286	-0.31251147	-0.30044386	0.34216684	0.30494827	-0.25392836	-0.25703457	-0.3170639	-0.3433149	-0.25782394	-0.28943455	-0.32944846	0.35152593	0.28407684	-0.32102993	-0.2837573
-0.7055922	0.6784044	0.4024429	-0.6129414	-0.63714474	0.5894639	0.65221363	0.6276244	0.68663913	0.6316431	0.69249964	0.6923038	-0.71608347	-0.65831685	0.6409632	0.6898357
0.011055387	0.025598973	0.040290102	-0.037735175	-0.015500687	0.010487179	0.018352227	0.082435966	-0.0004189484	0.095869556	-0.0057621733	0.007914434	-0.102392934	-0.06611168	0.049487732	0.038896933
-0.13288511	0.18199836	0.11342251	-0.16232441	-0.15067047	0.09402286	0.17278725	0.12664454	0.1886155	0.19398618	0.19519384	0.1746828	-0.19054072	-0.17807165	0.12576075	0.1714372
0.4161866	-0.42472962	-0.35292232	0.39733145	0.44685993	-0.3770334	-0.37745565	-0.44683746	-0.38279846	-0.3257829	-0.4626497	-0.3754128	0.42973417	0.4177341	-0.42585188	-0.36150384
0.33742398	-0.28444418	-0.31965724	0.3549959	0.33701313	-0.26064602	-0.29137895	-0.2769554	-0.36094925	-0.27215865	-0.34095848	-0.3405139	0.3300422	0.28496513	-0.29827058	-0.35172096
0.5523974	-0.5298731	-0.4622826	0.4914763	0.57670957	-0.4720265	-0.5842833	-0.4872009	-0.49786118	-0.52883726	-0.54463905	-0.5967851	0.61397463	0.561806	-0.5380634	-0.55819887
0.25371134	-0.22871682	-0.2609039	0.2041544	0.2522463	-0.23076184	-0.17449112	-0.19325776	-0.20350383	-0.18182357	-0.1837723	-0.16778502	0.22178864	0.16871749	-0.24662963	-0.19319361
-0.09729771	0.10482358	0.037780505	-0.079664454	-0.066373065	0.07487866	0.16404477	0.07614804	0.13312198	0.1696958	0.14301427	0.15702946	-0.06653123	-0.11218035	0.14670396	0.110321306
0.17682408	-0.23034698	-0.23088513	0.1725583	0.2532734	-0.16895096	-0.17425834	-0.1669054	-0.16741344	-0.19025527	-0.24140044	-0.25815216	0.24408779	0.18983838	-0.23591447	-0.20965686
-0.008536981	-0.026308727	-0.062865786	-0.017135425	-0.006964086	0.02777101	-0.013629493	-0.04510813	0.0110166995	0.05110658	0.047043912	-0.04705317	0.013624386	-0.0006931259	0.016667103	0.001943726
-0.1191782	0.20397325	0.07205172	-0.12784848	-0.17402266	0.1588717	0.16515727	0.1753113	0.13575855	0.21540509	0.23253423	0.1992139	-0.16252734	-0.1814675	0.12713179	0.1571758
-0.17141862	0.20216347	0.13841724	-0.18765204	-0.2524778	0.21523954	0.22348325	0.17289612	0.19352512	0.23257217	0.21235415	0.2720432	-0.20952505	-0.22455066	0.16861759	0.29487774
-0.42036295	0.4134685	0.13393308	-0.3828852	-0.3472133	0.289595	0.39242333	0.31677955	0.40110272	0.36194497	0.41255	0.39444122	-0.3387722	-0.35205632	0.43361175	0.3600626
0.018438939	-0.012072683	0.010161477	0.006760513	-0.03831863	-0.019194247	0.03721552	0.022046922	-0.018688444	0.00691121	-0.013590221	-0.03168903	-0.012571121	-0.015941877	0.014346933	-0.0050871554
-0.12431299	0.0890182	0.087479025	-0.11078975	-0.17833446	0.06646004	0.2032191	0.111660324	0.10572907	0.17891864	0.13366999	0.09604638	-0.14834617	-0.13773869	0.18116479	0.1568886
0.19492939	-0.19372301	-0.24850789	0.2537124	0.19990687	-0.26465645	-0.16468558	-0.24282357	-0.17065287	-0.19140793	-0.27811298	-0.24677171	0.28424904	0.22774485	-0.22415811	-0.2801116
-0.108939834	0.18453553	0.17458509	-0.109209724	-0.09680332	0.13762274	0.13367295	0.1417272	0.11229047	0.16383088	0.1712831	0.14820147	-0.1339177	-0.09782096	0.10932137	0.11581719
-0.06983194	0.12567309	0.021091748	-0.09668883	-0.0648738	0.10447497	0.118550144	0.120797	0.06522766	0.12130125	0.14531992	0.14022619	-0.08371895	-0.07005791	0.102339976	0.079094954
-0.31211492	0.4038183	0.31173894	-0.36254612	-0.35929158	0.2898326	0.34858626	0.28591377	0.32550177	0.3223021	0.36702773	0.3287878	-0.36805007	-0.34947208	0.4070614	0.41908512
-0.30216852	0.33792686	0.16087274	-0.27651724	-0.31205058	0.17215915	0.26924753	0.2154313	0.33617687	0.30901143	0.31051633	0.26814622	-0.26169613	-0.31249472	0.3023861	0.26999903
-0.17909734	0.1921076	0.10921485	-0.1619326	-0.11000802	0.15192929	0.14922807	0.098690905	0.17009397	0.17274138	0.1303801	0.20023789	-0.124545276	-0.11591282	0.12456311	0.1325467
0.4366054	-0.43905702	-0.3970904	0.36636811	0.37734988	-0.3788713	-0.4538379	-0.38721094	-0.42331412	-0.36513516	-0.47023258	-0.4090881	0.38935137	0.37639192	-0.43565515	-0.41547182
0.33834666	-0.35922912	-0.36662573	0.3624195	0.32264477	-0.35616836	-0.38263842	-0.345941	-0.36723584	-0.36302152	-0.42391217	-0.3973582	0.3978606	0.32885337	-0.32038438	-0.3480229
-0.06610114	0.00492882	-0.06025673	-0.008434205	-0.019921474	0.04028189	0.022839295	-0.01510066	0.044781208	0.07506182	0.053163927	0.036906276	-0.053280637	-0.052893836	0.08681945	0.046173297
0.0195132	0.030286927	-0.033530265	-0.0002593089	-0.0024149236	0.018802006	0.049686	-0.0007913518	0.05911004	0.03755058	-0.0070226565	0.026109824	-0.053350262	-0.03805641	0.026206862	0.049590696
0.60963166	-0.57744664	-0.57094836	0.553547	0.5225023	-0.5012067	-0.5825974	-0.5902832	-0.5366192	-0.5833527	-0.587466	-0.5608539	0.55607444	0.5724588	-0.5697736	-0.5661438
0.0368444	-0.02418538	-0.102470316	0.08895538	0.062001504	-0.059546426	-0.07162448	-0.098100945	-0.015670642	-0.02901257	-0.07561099	-0.03599288	0.094366714	0.035948932	-0.049179923	-0.060291205
-0.20473385	0.23287758	0.080175	-0.16016017	-0.15673359	0.16824085	0.22547589	0.22300705	0.23012963	0.19908714	0.18256141	0.21473211	-0.201828	-0.1732747	0.19329603	0.20983402
0.47258204	-0.4873004	-0.455321	0.47307047	0.49767956	-0.45315817	-0.5323464	-0.44891405	-0.5095545	-0.50260764	-0.5668018	-0.48396176	0.50980186	0.49478844	-0.4965499	-0.51231194
-0.25836375	0.24525729	0.13744222	-0.29346266	-0.32542756	0.17545769	0.25398272	0.23102993	0.27598938	0.27290148	0.30364925	0.2732059	-0.2916917	-0.32836717	0.28830516	0.23666951
-0.3974593	0.3158753	0.31005114	-0.30169892	-0.30373174	0.31670246	0.37703577	0.3572637	0.35380444	0.38842648	0.41839132	0.39100674	-0.384795	-0.3631294	0.3473739	0.36099258
0.15153576	-0.11776065	-0.15762201	0.11653064	0.14686206	-0.09289822	-0.14083463	-0.1374241	-0.16938685	-0.10514825	-0.12995882	-0.13112304	0.146487	0.13930921	-0.1143853	-0.18524496
0.64126474	-0.6018426	-0.5741957	0.5877606	0.5832334	-0.60114557	-0.6395552	-0.68086135	-0.65627056	-0.5909319	-0.68633074	-0.7188147	0.6711536	0.6104626	-0.60891104	-0.6198945
0.41259676	-0.33226624	-0.33362263	0.3637013	0.33717313	-0.38113156	-0.3434635	-0.34453562	-0.36016902	-0.35210037	-0.39016777	-0.3733362	0.3915159	0.41277966	-0.37786245	-0.4038204
0.38523316	-0.36629236	-0.28344604	0.34704855	0.38589746	-0.34912214	-0.32873946	-0.38689166	-0.35140356	-0.38129854	-0.4251784	-0.37522274	0.39690867	0.407447	-0.37468657	-0.35797217
0.6403555	-0.59848374	-0.50757504	0.5303845	0.626591	-0.5792379	-0.55958784	-0.5442436	-0.60768235	-0.62658954	-0.68733007	-0.5969316	0.6292141	0.6086695	-0.5778722	-0.61168116
0.2597454	-0.21125035	-0.23987055	0.26909453	0.17962769	-0.25729042	-0.23983508	-0.19941959	-0.18772766	-0.1760453	-0.2096859	-0.25951123	0.21953619	0.20116273	-0.2232405	-0.22076584
0.18995981	-0.27757913	-0.21400945	0.22097276	0.28041852	-0.22154813	-0.2662043	-0.21428704	-0.22278309	-0.18215737	-0.26047957	-0.28197396	0.19308458	0.25498533	-0.27004695	-0.30716884
0.46869996	-0.44441864	-0.46653566	0.44252765	0.48721343	-0.48824632	-0.42799821	-0.46836847	-0.48087537	-0.48349983	-0.53205675	-0.46512303	0.50414217	0.5331209	-0.45556983	-0.5472418
0.0017428743	0.03676711	0.051342014	-0.015578237	0.0052322648	0.044204526	0.059942327	0.06229273	0.02276441	0.07513779	0.006135052	-0.022462975	-0.04492241	-0.056999184	0.023137935	0.07010504
0.31239647	-0.27694765	-0.29690266	0.3071522	0.2857655	-0.27779225	-0.29394138	-0.2809337	-0.3623288	-0.27274284	-0.34482595	-0.376938	0.34029898	0.29538694	-0.3386555	-0.30173406
0.2008317	-0.1565917	-0.16714035	0.18585318	0.22008498	-0.14220841	-0.09792239	-0.09693435	-0.14345372	-0.08801687	-0.21056412	-0.16854006	0.10450829	0.20081225	-0.20388381	-0.19670732
0.65486175	-0.65090007	-0.55078715	0.6388048	0.6707568	-0.5771941	-0.6512644	-0.61183065	-0.5931888	-0.5969319	-0.64580464	-0.6324211	0.6327041	0.6038885	-0.6574744	-0.65846413
-0.24015069	0.26395285	0.13786744	-0.22301069	-0.2501737	0.20177874	0.23502898	0.18322727	0.20731103	0.23911516	0.24172339	0.24678235	-0.1812315	-0.19241251	0.22057475	0.24051277
-0.001127894	0.05043093	-0.15489456	-0.058013268	-0.01795762	-0.08878849	0.11723739	0.009774237	0.084038414	0.07474683	-0.0028365743	0.0017876329	-0.040057033	-0.03630221	0.03716396	0.036884233
0.15507688	-0.15375647	-0.103557065	0.13529207	0.07071284	-0.09385222	-0.08570335	-0.14179136	-0.13249026	-0.07501166	-0.14021708	-0.087987065	0.1367351	0.11950532	-0.080257624	-0.15604009
-0.20065106	0.22219467	0.14541547	-0.19220075	-0.17764513	0.14653902	0.20644884	0.19185866	0.17148755	0.16052227	0.26701498	0.19949053	-0.20531186	-0.23315026	0.22509195	0.2582985
0.11020987	-0.13401446	-0.20992489	0.15755902	0.12122826	-0.16345115	-0.10655483	-0.12740377	-0.11166969	-0.1431247	-0.17889595	-0.14101435	0.1461328	0.14790954	-0.10515725	-0.100878276
-0.10309127	0.046415824	0.012700172	-0.027438696	-0.06865419	0.08326203	0.060304042	0.09973805	0.03151172	0.12359615	0.10389937	0.11545025	-0.038550626	-0.016965192	0.03874888	0.030737946
-0.2207021	0.21052228	0.23933418	-0.242601	-0.2124519	0.19605055	0.24411039	0.2760126	0.26396382	0.2825558	0.27763772	0.23509744	-0.27936924	-0.22185275	0.20499502	0.20458731
0.08004059	-0.025775013	-0.10611031	0.08054088	0.001093183	-0.09684536	-0.027291251	-0.0781527	-0.029930748	-0.09560422	-0.045785524	-0.017941175	0.073579356	0.076618135	-0.01290203	-0.07709518
0.11502161	-0.0869525	-0.09611245	0.17228733	0.092908435	-0.09772	-0.09010606	-0.14479728	-0.14993607	-0.12605008	-0.16048278	-0.09370028	0.0966229	0.16035162	-0.16065602	-0.16655385
0.46142575	-0.48992896	-0.47132525	0.4629279	0.519999	-0.45114273	-0.4693838	-0.5166174	-0.45653236	-0.45989737	-0.5930645	-0.5103291	0.4934272	0.5161107	-0.52871525	-0.49909836
0.06889534	-0.065212205	-0.09354551	0.052204423	0.08918335	-0.08743663	-0.067274645	-0.10266877	-0.075803936	-0.0071870596	-0.10042652	-0.07040605	0.07802076	0.097116806	-0.07622871	-0.05101695
0.055221125	-0.032515015	0.004670577	0.006921043	0.010020139	-0.028851658	-0.027484637	-0.008931904	-0.008025758	-0.07554203	-0.044943936	-0.023379706	0.045920875	0.0943736	-0.10682737	-0.0271894
0.0243003	0.022026967	-0.12213603	-0.029205488	0.012807411	-0.09437017	0.02154836	-0.02643345	-0.004020137	0.06559518	-0.015312873	-0.009633418	0.021184549	0.026104262	0.00829703	0.01102757
0.0811011	-0.09971416	-0.18745406	0.12874532	0.091213	-0.15830639	-0.024239004	-0.16452166	-0.062916085	-0.054330762	-0.16392814	-0.08230631	0.12729411	0.1158778	-0.12138883	-0.14818846
-0.20174319	0.20113076	0.09898754	-0.16949329	-0.17416996	0.18003823	0.22006916	0.1525818	0.24029997	0.17238761	0.23600602	0.2249534	-0.23742308	-0.23231652	0.20359218	0.19601496
-0.010908641	0.08526807	-0.01340667	-0.007853635	-0.007060291	-0.019679427	0.045523334	-0.013544276	-0.0053588143	0.04582395	0.018516034	0.10338888	-0.031984407	-0.041825537	0.05151654	0.055721562
-0.118712075	0.19095658	0.08437494	-0.1772621	-0.18622679	0.0861638	0.18205516	0.12519991	0.13298038	0.15863971	0.14532593	0.15545681	-0.17305358	-0.18095955	0.21115936	0.16897148
0.0024126216	-0.04567359	-0.08105221	0.09252256	0.005840164	-0.03800556	-0.018771205	-0.044260245	-0.030979907	-0.04886031	-0.04072976	-0.07994564	0.04918893	0.02587535	-0.047890358	-0.061049905
0.06512239	-0.047048803	-0.12405589	-0.016812107	-0.0132990815	-0.052670386	-0.018610043	-0.03161256	-0.03657709	-0.008498686	-0.0045548496	-0.04936736	0.07132505	-0.009688815	-0.036646746	-0.04244543
-0.4304444	0.37229976	0.21933955	-0.39903215	-0.37558073	0.2857555	0.45091924	0.3553982	0.4503341	0.37198678	0.4546401	0.48074374	-0.4102095	-0.35505718	0.38518324	0.43460327
0.32006288	-0.3251655	-0.43314672	0.37147	0.31633422	-0.40758383	-0.2578162	-0.4157947	-0.28309083	-0.25645918	-0.36583927	-0.35625505	0.36261252	0.3422878	-0.33834037	-0.32207596
-0.6176669	0.6396674	0.5063664	-0.5991755	-0.5827961	0.53906167	0.6452677	0.65341705	0.6583155	0.6571337	0.6411178	0.6945267	-0.69865954	-0.627099	0.5908408	0.67313176
-0.39436507	0.43741897	0.26955107	-0.39027673	-0.3255819	0.2911369	0.42424038	0.36102507	0.38609314	0.37447247	0.37183088	0.43198693	-0.38597912	-0.37106544	0.4082068	0.36901817
0.11284515	-0.16410162	-0.09908649	0.09243138	0.07264413	-0.11945709	-0.08732453	-0.112325445	-0.14756826	-0.10702258	-0.12359757	-0.12772678	0.0958307	0.094696164	-0.1259137	-0.17067753
0.10502612	-0.07993644	-0.09491022	0.090258405	0.08148233	-0.0417434	-0.103652634	-0.10792703	-0.082578965	-0.100569926	-0.09952479	-0.12177179	0.06071497	0.11080284	-0.05536	-0.07022952
0.37740666	-0.36008808	-0.31373057	0.33086908	0.37697613	-0.2873218	-0.4133357	-0.33802658	-0.33788535	-0.3783967	-0.40394717	-0.44492	0.36384347	0.38609585	-0.3335198	-0.40472165
0.036984902	-0.0092294095	0.016102178	-0.005125814	0.012826416	-0.032384872	-0.040776666	-0.047826774	0.026375718	-0.04259526	-0.046070866	-0.014493472	0.016518699	0.011408771	-0.038746256	0.011122142
-0.071135014	0.011647531	-0.038629044	0.009899352	0.020773344	0.004234028	-0.0064437347	-0.017997023	0.026251715	0.042569935	-0.018920764	0.012085174	0.02142154	-0.042143267	0.06678995	0.036888804
0.61426026	-0.63326246	-0.57525873	0.545474	0.66176516	-0.5579051	-0.61652553	-0.6446864	-0.57867825	-0.64325434	-0.6835864	-0.63383424	0.61764336	0.59833187	-0.6634968	-0.65166754
0.3650994	-0.34805956	-0.36340436	0.35147274	0.3462341	-0.37773553	-0.3491092	-0.35834247	-0.33967552	-0.35012382	-0.39392886	-0.42082515	0.3938374	0.38416228	-0.34757918	-0.34931746
0.5417445	-0.51546025	-0.4890382	0.4910334	0.585896	-0.5080503	-0.54062444	-0.49005863	-0.5083069	-0.55690885	-0.62897044	-0.6215109	0.5985802	0.49436933	-0.57688934	-0.5952206
0.3158765	-0.35566214	-0.36250737	0.3337898	0.34927022	-0.27381825	-0.35303012	-0.27933052	-0.30833122	-0.37420642	-0.3957138	-0.3769443	0.3596139	0.32811323	-0.35275573	-0.32300127
-0.16596118	0.2215159	-0.0032716638	-0.14953497	-0.21443488	0.07799778	0.1969343	0.113057785	0.2574942	0.19823323	0.24414039	0.17223255	-0.22397655	-0.22972362	0.16904461	0.2288212
-0.59646416	0.5859426	0.37141556	-0.54525965	-0.5572166	0.4549966	0.56370014	0.4957418	0.52024966	0.55628055	0.59467554	0.64875495	-0.6155188	-0.58040214	0.57841283	0.61722696
0.3469248	-0.3308882	-0.25905403	0.29896635	0.3059559	-0.24309066	-0.35923666	-0.26997894	-0.3313985	-0.31973472	-0.35696185	-0.3710216	0.32422498	0.29687032	-0.27535698	-0.34688732
0.5769479	-0.541454	-0.48865736	0.5174773	0.5142074	-0.44719318	-0.57032925	-0.5589895	-0.5188552	-0.5242895	-0.5667202	-0.52524817	0.6101866	0.51919806	-0.5800296	-0.58961767
-0.22611023	0.26478323	0.23886809	-0.25755987	-0.21027118	0.185624	0.20949699	0.2583866	0.250393	0.22355454	0.22474302	0.20622623	-0.23801246	-0.1906971	0.24496457	0.19958234
0.611126	-0.65145224	-0.55272055	0.6459789	0.64408547	-0.57678163	-0.69238836	-0.6430162	-0.64076024	-0.6108859	-0.64981157	-0.6875383	0.719772	0.6486523	-0.6113115	-0.65189147
0.5597685	-0.6283592	-0.53636986	0.5665745	0.5778894	-0.5349735	-0.6245772	-0.61042386	-0.60930955	-0.5132836	-0.635936	-0.6557405	0.65791005	0.5732089	-0.5632141	-0.62807083
-0.15443656	0.15309326	0.01645694	-0.161583	-0.15984134	0.070989475	0.1850373	0.08680218	0.20576395	0.22146846	0.13533935	0.16553736	-0.126163	-0.1913333	0.15087871	0.17404386
0.16951124	-0.1822891	-0.24572921	0.21524972	0.25084686	-0.1963617	-0.19653422	-0.2362925	-0.18713911	-0.16748345	-0.19604115	-0.17758739	0.22130038	0.23953256	-0.21939635	-0.2632271
0.21257299	-0.21153732	-0.20291251	0.17095986	0.21425477	-0.21289739	-0.20444745	-0.2218404	-0.15223894	-0.2489342	-0.2704159	-0.1808498	0.22367457	0.20467679	-0.24173367	-0.16031171
-0.0054169013	0.027983215	0.0558552	-0.019891577	-0.0881232	0.03354287	0.006853264	0.0068388837	0.0036621906	0.027564988	0.010021724	0.053516418	-0.044326458	-0.09803479	0.02557875	0.100479394
-0.09030798	0.14576094	0.05115899	-0.056178376	-0.098583594	0.101424195	0.110235184	0.061721712	0.13155082	0.05670441	0.08448911	0.05988686	-0.11282035	-0.07256258	0.041469652	0.07214397
-0.30545005	0.24441497	0.25744656	-0.25865215	-0.24100077	0.26091918	0.2857888	0.2018175	0.2934116	0.2764553	0.28125525	0.2507121	-0.25923455	-0.25339577	0.2808443	0.32659188
0.046536483	-0.0059757624	-0.08617326	0.05918942	0.014909676	-0.07498201	-0.052688017	-0.030779492	0.02496252	-0.04130679	-0.015246016	0.020585606	0.010631554	0.008861151	0.0042835698	-0.06594659
0.5426162	-0.47064793	-0.46615285	0.46465626	0.5578884	-0.44741595	-0.52561915	-0.5594422	-0.47122377	-0.5059984	-0.5642395	-0.5020209	0.5842595	0.53625035	-0.48212948	-0.58998436
0.024415333	0.03483407	-0.1909567	0.006301954	-0.021039765	-0.08906771	0.016003111	-0.027836645	0.045483507	-0.049266744	-0.025662828	-0.020001767	0.06558921	0.015737774	-0.038318522	-0.017508928
-0.13708112	0.16036117	0.08717925	-0.13838533	-0.14609095	0.11826477	0.2469943	0.16367869	0.2134639	0.19656159	0.1845215	0.22905006	-0.21247508	-0.16641103	0.22915986	0.20786439
-0.44730663	0.5004431	0.3378718	-0.52085876	-0.50434226	0.3991708	0.45946574	0.43171078	0.53648365	0.49472737	0.5584823	0.51117074	-0.5452661	-0.5269104	0.51206785	0.48110414
-0.15078546	0.21747655	0.13044263	-0.2143051	-0.15510762	0.14288388	0.1922027	0.11809635	0.173904	0.20289123	0.22419013	0.17807406	-0.23922586	-0.22345562	0.24851106	0.16635153
-0.03886237	-0.012942089	0.014042773	0.023438532	-0.0032926854	-0.0019556573	0.0059303204	0.08618941	0.06463071	0.06396742	0.07704305	-0.031121809	-0.05270858	0.025456507	0.01874894	-0.023650987
0.11398914	-0.14473487	-0.16218908	0.16229838	0.17755167	-0.17762727	-0.1782806	-0.12724398	-0.13517882	-0.14262806	-0.16465989	-0.20564827	0.1488678	0.12459391	-0.18597554	-0.18212348
0.0736878	-0.003936777	-0.12285715	0.019246403	0.034714088	-0.065349564	0.005575572	-0.06410391	-0.038538296	-0.057225984	-0.005489552	0.0064928457	-0.0070969644	0.0697121	-0.050889622	-0.0035367296
-0.25174987	0.216717	0.19667505	-0.17428029	-0.20968746	0.24748582	0.25864795	0.21840654	0.17312637	0.2194059	0.26811853	0.2682008	-0.20313016	-0.1902915	0.19966765	0.26686844
0.5844333	-0.58825856	-0.54540396	0.52631766	0.5892783	-0.5243775	-0.51659495	-0.5969106	-0.5410286	-0.57791746	-0.62087816	-0.5367958	0.5576629	0.57671726	-0.55187446	-0.6066673
0.26678118	-0.24591362	-0.21611618	0.21857974	0.22036698	-0.22249702	-0.23175742	-0.28434044	-0.21707523	-0.28174442	-0.27139333	-0.27618065	0.2967895	0.21160673	-0.25436738	-0.2370099
0.42725822	-0.45146164	-0.45041785	0.38669738	0.43511415	-0.48261452	-0.38187677	-0.50695693	-0.41504282	-0.34838948	-0.46963164	-0.42691272	0.47310808	0.4338163	-0.4287346	-0.4783665
0.36312503	-0.35956553	-0.3206071	0.37502718	0.40555286	-0.35587853	-0.3549496	-0.3460259	-0.3263636	-0.33874398	-0.3828939	-0.33073935	0.3657137	0.3073114	-0.36868656	-0.40414616
0.2594144	-0.31131735	-0.20277263	0.23541993	0.22236279	-0.18816884	-0.21421185	-0.2550197	-0.21671392	-0.3009003	-0.31543908	-0.23060432	0.3063073	0.27409723	-0.26493445	-0.27606094
0.499378	-0.5303447	-0.4691909	0.5380868	0.49093884	-0.50924176	-0.45031312	-0.49120104	-0.4435648	-0.42864898	-0.533817	-0.5736307	0.576502	0.5372771	-0.46080595	-0.5283907
-0.04461798	0.00038817088	0.020920025	-0.008816725	0.012785938	0.058087792	0.035475656	0.014801031	-0.008809369	0.04530948	0.07439824	0.042010378	-0.0004309063	-0.03270912	0.032890767	0.040838882
-0.44903108	0.48473993	0.14170414	-0.40437746	-0.39277554	0.33174178	0.46903095	0.41607183	0.4533061	0.49466756	0.43748316	0.41619536	-0.42030773	-0.4134416	0.4475265	0.47970483
-0.06627571	0.1019385	0.09924768	-0.10955115	-0.10342474	0.061680242	0.12706468	0.12735796	0.15671268	0.14221987	0.1124633	0.13127705	-0.066155784	-0.10952003	0.054563794	0.10265364
-0.09361985	0.071199134	-0.007871118	-0.10257509	-0.03602387	0.01315287	0.110792525	0.028860884	0.13170637	0.14386031	0.103203475	0.11886415	-0.09889101	-0.035346013	0.09942178	0.08020916
-0.50045466	0.5178627	0.29674694	-0.5443165	-0.5367316	0.4360437	0.54436654	0.4665508	0.48182526	0.5264195	0.57520854	0.5642136	-0.5502907	-0.55865824	0.48339897	0.5524518
-0.18750213	0.16736676	0.05110985	-0.14604746	-0.18995896	0.12162318	0.18980649	0.114595525	0.18557988	0.1893407	0.21005666	0.20336471	-0.21891601	-0.16479556	0.12840566	0.20801443
0.07442198	-0.057722677	-0.065668195	0.0015703104	0.070556834	-0.052135564	-0.029380072	-0.044514675	-0.04648009	0.02867732	-0.052532427	0.008842867	0.05978072	0.05265233	-0.0029307168	-0.0061768233
0.35695183	-0.3745837	-0.29034802	0.34745187	0.38950253	-0.36339495	-0.35045475	-0.3066743	-0.2973076	-0.375234	-0.37599877	-0.38069844	0.36282474	0.31247216	-0.31596848	-0.32361647
0.48870185	-0.4886663	-0.510323	0.55817044	0.55607826	-0.5204111	-0.53829515	-0.5595917	-0.55506164	-0.49888286	-0.5963115	-0.5265015	0.6070852	0.541133	-0.47741532	-0.5491031
-0.6901863	0.6075923	0.58452135	-0.593466	-0.59488946	0.6292154	0.65346026	0.6065031	0.6712735	0.62652284	0.66954595	0.70550865	-0.6854478	-0.64564043	0.68319625	0.6732959
0.1489842	-0.19299325	-0.16456628	0.23783891	0.19084938	-0.16536199	-0.1734706	-0.19360715	-0.20356217	-0.20274943	-0.24039418	-0.21064523	0.22584225	0.19247355	-0.23949464	-0.16209763
-0.5806538	0.5983746	0.45142424	-0.62395984	-0.65661997	0.5604734	0.6384388	0.5897858	0.6026889	0.6601811	0.6536728	0.68248236	-0.68903106	-0.64801323	0.5762537	0.6948829
-0.6807035	0.5997026	0.4661335	-0.5922115	-0.6595266	0.51053965	0.6243416	0.6169554	0.58159024	0.58935016	0.655672	0.708642	-0.66938406	-0.66334444	0.5872461	0.65654033
-0.5248029	0.4675239	0.4897825	-0.48058873	-0.5179776	0.4887491	0.4454083	0.4204203	0.48916277	0.45612073	0.54129744	0.49310514	-0.47568345	-0.4976425	0.44299456	0.54314595
0.36088386	-0.38793746	-0.36321613	0.36687347	0.3404138	-0.35051218	-0.33886355	-0.35179812	-0.3319209	-0.3124483	-0.33866942	-0.3401704	0.40338	0.3460886	-0.30810544	-0.3329573
-0.16275604	0.095917925	0.12930685	-0.15872577	-0.18388875	0.08102492	0.13044842	0.1821585	0.13504831	0.16636442	0.18188885	0.1252009	-0.121726416	-0.09145355	0.18317837	0.14828499
0.09824081	-0.10008196	-0.16493715	0.040488023	0.083072826	-0.153903	-0.10749432	-0.103832595	-0.03365632	-0.02564676	-0.14207055	-0.07152536	0.13472639	0.079681866	-0.069283396	-0.07525212
0.08736943	-0.15776736	-0.098650865	0.10482059	0.14475198	-0.13179508	-0.17465535	-0.14458168	-0.16019696	-0.07722306	-0.11852873	-0.14644593	0.14577566	0.13673535	-0.1350362	-0.09520063
-0.085292585	0.070888154	0.016547287	-0.0841266	-0.06477689	0.04908301	0.15041302	0.09286132	0.14838539	0.14761539	0.124586895	0.15655904	-0.1445766	-0.14193599	0.11172859	0.06655008
0.61741847	-0.6222336	-0.5586282	0.6343541	0.6107506	-0.51324826	-0.6106238	-0.5738423	-0.639398	-0.6117538	-0.6518885	-0.66477597	0.68830085	0.56764305	-0.58586115	-0.64243346
0.17497948	-0.10897124	-0.21104142	0.15997833	0.12969859	-0.09588593	-0.11487105	-0.13622682	-0.10797791	-0.13232645	-0.18929592	-0.115233004	0.1613381	0.1734824	-0.11709458	-0.19794302
0.0103262225	0.019194547	0.03643637	0.041737694	0.04648354	0.07054363	0.0315051	0.0049865018	-0.0060037686	0.045895286	-0.030620944	-0.012608782	0.034686983	-0.016061857	0.036583275	0.023356253
-0.11148836	0.12815662	0.09008633	-0.18269011	-0.13853502	0.106385574	0.20267212	0.15990531	0.13493986	0.1217191	0.10939456	0.18091099	-0.19347303	-0.15363258	0.1509457	0.20498171
0.2987279	-0.30933458	-0.30502468	0.31957015	0.34952524	-0.29232752	-0.31555372	-0.29280722	-0.27260116	-0.3500241	-0.37683034	-0.3925617	0.3609015	0.3297987	-0.37938273	-0.35592833
0.5722833	-0.5516359	-0.50872624	0.5819715	0.52961856	-0.48671752	-0.5221327	-0.5338998	-0.53168595	-0.5601247	-0.60710686	-0.6017944	0.61971426	0.5835547	-0.55581456	-0.5337988
-0.10321935	0.11780221	0.00845372	-0.03268502	-0.068838686	0.02503745	0.06141032	0.037235983	0.120052144	0.085831024	0.10527788	0.10442002	-0.13987766	-0.12408186	0.0660111	0.092684746
0.3479975	-0.36156392	-0.30363894	0.34232345	0.30846775	-0.30571434	-0.3350276	-0.33997583	-0.26741487	-0.33970776	-0.32135227	-0.2880192	0.29915068	0.32991046	-0.27576098	-0.3466203
0.59034777	-0.5616245	-0.5269651	0.5864182	0.6036459	-0.5358475	-0.60419583	-0.58899206	-0.6409303	-0.6285672	-0.69712764	-0.65933657	0.604161	0.6531697	-0.58203584	-0.5872098
0.3979075	-0.3766685	-0.3255946	0.3391972	0.3816901	-0.30775866	-0.38330376	-0.34214696	-0.3637316	-0.36357906	-0.3741088	-0.32862994	0.41136217	0.36229366	-0.39012048	-0.3351399
0.4602856	-0.4728561	-0.410428	0.43776232	0.43093836	-0.3744534	-0.4076984	-0.4415096	-0.46879125	-0.41186002	-0.54035604	-0.44653976	0.44833654	0.4716614	-0.41335025	-0.4546992
-0.21064049	0.23897198	0.14141144	-0.22014917	-0.21785745	0.14793801	0.27929607	0.24028152	0.23761657	0.19388455	0.2742737	0.26041907	-0.25507936	-0.19251837	0.2300601	0.20272051
-0.27329332	0.20269874	0.17478547	-0.18088381	-0.17896968	0.23399964	0.19480875	0.2628861	0.20346425	0.2800005	0.27352908	0.28350753	-0.1847179	-0.17977372	0.22761646	0.27983028
-0.08769535	0.09004615	0.12915817	-0.15464707	-0.13448925	0.15639135	0.16065666	0.12962879	0.12880136	0.128023	0.17490703	0.0973576	-0.17189887	-0.0924563	0.06644956	0.15873635
-0.28884578	0.3000624	0.12525895	-0.319514	-0.33806506	0.25585032	0.35599777	0.26118806	0.35038292	0.31030044	0.36600423	0.3075779	-0.34744313	-0.33462527	0.30235675	0.27458507
-0.4918368	0.5688618	0.31640807	-0.47517237	-0.54285073	0.416175	0.51175755	0.47490656	0.555131	0.560597	0.61158067	0.5355276	-0.5766792	-0.5398184	0.49577674	0.5143433
-0.54582393	0.55512667	0.3515622	-0.5181647	-0.5637114	0.42257425	0.54550374	0.467563	0.5308229	0.58992296	0.54666513	0.588185	-0.5456856	-0.56390566	0.49152517	0.53073597
-0.46437666	0.43014997	0.20016663	-0.37521115	-0.37010098	0.36968127	0.43545935	0.41211358	0.43588635	0.4426533	0.5356592	0.5259511	-0.45128196	-0.3905287	0.44309014	0.46076664
-0.12523444	0.13317217	0.11464418	-0.19436401	-0.15723224	0.12024541	0.19857654	0.09644799	0.1160005	0.114001505	0.16137052	0.17142072	-0.18227135	-0.14381981	0.117996305	0.15140714
-0.30530548	0.34146044	0.2980909	-0.37143305	-0.33811465	0.29391477	0.37701467	0.30031914	0.3376697	0.37077585	0.3413169	0.3353258	-0.37367788	-0.31129798	0.37761378	0.3070084
-0.2909325	0.25601196	0.14179847	-0.19627807	-0.2611093	0.18544997	0.20330873	0.24343207	0.24635233	0.18541124	0.21342929	0.30567586	-0.26966223	-0.250334	0.20795514	0.30185694
0.21545593	-0.2689346	-0.16446589	0.19654566	0.25247172	-0.2247159	-0.2672206	-0.27861646	-0.25720644	-0.2670662	-0.29277107	-0.28990433	0.23338039	0.2261816	-0.22235925	-0.2672609
-0.122945175	0.09505593	0.12334512	-0.082735956	-0.08975127	0.10322636	0.14652827	0.090680115	0.07764237	0.092390485	0.17062594	0.15962446	-0.12566175	-0.07947298	0.17002161	0.12500577
-0.21105996	0.16573915	0.09255691	-0.21407226	-0.14184543	0.14760832	0.1532702	0.19008179	0.14965448	0.18146709	0.19839564	0.15315253	-0.17002374	-0.13818093	0.22638522	0.1586978
-0.33786514	0.35166374	-0.012370932	-0.36799622	-0.3999357	0.16928487	0.43136632	0.32118532	0.41012824	0.4002048	0.37809634	0.4619822	-0.42824155	-0.41978675	0.3889252	0.37060794
0.17227063	-0.103040874	-0.21832623	0.13076138	0.15926404	-0.19847916	-0.07506396	-0.14366747	-0.16422816	-0.106464535	-0.12631272	-0.18728921	0.1441587	0.17813021	-0.10066646	-0.18001652
-0.28697225	0.30880228	0.038748566	-0.24124219	-0.26084355	0.13688451	0.31015468	0.20467396	0.2847766	0.3043484	0.22685164	0.24553968	-0.26130453	-0.3091973	0.28014737	0.30353987
-0.11495394	0.10459566	0.07275906	-0.047653686	-0.12113852	0.05007748	0.11072176	0.09981086	0.09952067	0.07319927	0.09196607	0.08774314	-0.08736734	-0.0530554	0.052337497	0.077429965
0.052342486	-0.07038299	-0.07135642	0.032299925	0.07148349	0.009597552	-0.06467296	-0.009067906	-0.029207466	-0.046320897	-0.04706291	-0.112880446	0.10850476	0.05837124	-0.10877216	-0.12463313
-0.23897599	0.19029178	0.18293174	-0.24313812	-0.24606347	0.15090272	0.2530858	0.19859923	0.25589558	0.20020962	0.23183861	0.22797883	-0.25541213	-0.27201724	0.20412472	0.25521266
-0.08731778	0.10304027	0.12886962	-0.1628731	-0.13043581	0.12131448	0.16475704	0.10792675	0.16366716	0.11811716	0.09250128	0.168966	-0.10976986	-0.12656415	0.111778714	0.16059168
0.03452369	0.0017120577	-0.029436015	0.0133566875	0.07210258	-0.0015215193	0.007150731	-0.02295856	0.0076965913	0.026945813	-0.050995715	-0.01969694	0.05374855	0.052642442	-0.0029934286	-0.0061641983
0.003645785	0.0036584055	0.022643132	0.02307764	-0.061159853	0.07381268	0.06037862	0.0753543	0.026805263	0.035944775	0.034930427	0.000861498	-0.014452668	-0.045284674	0.06449436	0.014322813
0.006300828	-0.02798926	0.057576966	0.010529182	0.01534842	-0.023735128	0.016968377	0.013443101	-0.031708747	-0.030921442	0.02822151	-0.048307892	0.015045608	0.0044425223	-0.013022409	-0.059128925
-0.24611631	0.2175868	0.2360289	-0.25018197	-0.19369617	0.22173485	0.18013631	0.22266619	0.20927113	0.19232471	0.26331538	0.21166413	-0.18520398	-0.25558883	0.21303771	0.22692707
0.121506795	-0.12617889	-0.07901685	0.12753142	0.07775611	-0.07654616	-0.04916165	-0.07569616	-0.022542864	-0.09198867	-0.13113716	-0.07982203	0.07796179	0.062917344	-0.10832523	-0.065539196
-0.3394099	0.34073436	0.311546	-0.33494714	-0.31971204	0.2649593	0.24910226	0.24481042	0.31120467	0.2892586	0.3146853	0.3072069	-0.2814942	-0.26543272	0.31434652	0.29215214
-0.5432322	0.6414946	0.46979618	-0.59895587	-0.60850054	0.51632595	0.53601325	0.6035319	0.55092007	0.5506808	0.62945956	0.62472546	-0.62023073	-0.5970707	0.57579017	0.589891
0.12041516	-0.10612491	-0.13225524	0.086724624	0.096867934	-0.15256041	-0.11259153	-0.13863902	-0.07720041	-0.110110834	-0.09173148	-0.085436486	0.1545749	0.1593199	-0.16662632	-0.09303099
0.28011626	-0.3056683	-0.26304796	0.31446183	0.31664115	-0.24809252	-0.23042098	-0.33466414	-0.25154373	-0.2716894	-0.3115101	-0.29855907	0.32811207	0.28360736	-0.24584244	-0.2952715
-0.5380858	0.55711573	0.4241088	-0.5109581	-0.48253745	0.42272648	0.57185054	0.53986853	0.5719952	0.5923874	0.5974688	0.532852	-0.6117326	-0.5750557	0.50529844	0.53235966
-0.24465825	0.26643288	0.2517556	-0.24016275	-0.3380101	0.30442753	0.2860117	0.25880107	0.28615332	0.24002482	0.32567698	0.25415355	-0.2880822	-0.2687568	0.30551317	0.30873367
-0.10462933	0.13999301	0.097421944	-0.16345888	-0.14707802	0.118720114	0.09020874	0.07751358	0.14241153	0.10053574	0.15769435	0.11108405	-0.14316072	-0.110356376	0.10213993	0.13971262
-0.15623233	0.17657463	-0.10960699	-0.11680024	-0.088734806	0.0050260406	0.13702133	0.11179584	0.13448238	0.19804831	0.10565197	0.18374142	-0.08360807	-0.08887384	0.11777533	0.09451786
0.3477062	-0.35013032	-0.29516253	0.3136211	0.37091723	-0.3150628	-0.35789913	-0.42606372	-0.36809775	-0.3724765	-0.41091052	-0.32696423	0.36025634	0.3212433	-0.38283914	-0.34781235
0.058110468	0.01955234	-0.16701287	0.035390027	0.020135649	-0.0690515	-0.019134218	-0.024248196	-0.012117265	0.045093317	-0.010966469	-0.069315396	0.017212687	0.0092391865	-0.016497405	-0.07813195
0.029400237	0.013911096	-0.009272008	0.04873077	0.041662194	-0.015764026	-0.046130363	-0.061387755	0.0015754482	-0.01830781	-0.013582745	-0.05017184	0.019304506	-0.0051345206	0.0062696333	-0.045081425
-0.02126426	0.064813145	0.020601857	-0.06788831	-0.07522741	0.0015982762	0.055150703	0.0506528	0.10980895	0.12780735	0.071163826	0.09014015	-0.108779006	-0.048120856	0.00876217	0.008012509
0.0071169958	0.05951026	-0.005565111	-0.042929836	-0.09223425	-0.0099030025	0.0978641	0.049147595	0.0005539489	0.08109921	0.09371593	0.039252788	-0.092224486	-0.03107707	0.004611691	0.049695842
-0.102888554	0.07992615	0.034690246	-0.039689973	-0.09417224	0.09536267	0.071688764	0.09700391	0.0939749	0.056235008	0.07800075	0.13065471	-0.10230462	-0.123712085	0.05819469	0.038845655
0.1614602	-0.12546054	-0.12945335	0.09349303	0.16975617	-0.11814597	-0.16394313	-0.07740138	-0.09570319	-0.15337645	-0.18981937	-0.17419392	0.08673221	0.095306255	-0.12009545	-0.10687074
0.09777999	-0.101028696	-0.11527368	0.061550975	0.13995717	-0.1170356	-0.123390354	-0.08487456	-0.07489007	-0.05314301	-0.082480416	-0.07646137	0.05316042	0.10391439	-0.07265429	-0.14649753
-0.45985293	0.45592454	0.35353294	-0.43953446	-0.5260066	0.44803756	0.44323877	0.47040895	0.49513403	0.48573956	0.56542146	0.54261637	-0.49562916	-0.5242432	0.45068526	0.5043768
0.09784021	-0.04477211	-0.11764082	0.08164551	0.078228034	-0.11907341	-0.10150996	-0.13619323	-0.07860083	-0.13901411	-0.052160602	-0.07593106	0.13361694	0.045613725	-0.0680073	-0.07216557
-0.35063276	0.29665273	0.30333498	-0.37292212	-0.37473807	0.2982328	0.3455468	0.30315384	0.29568443	0.38834396	0.38598087	0.29957107	-0.38115978	-0.34158006	0.35982487	0.30422685
-0.4763278	0.4619136	0.3432281	-0.42596942	-0.52198476	0.39356506	0.4856242	0.44707292	0.5119082	0.4224755	0.54125696	0.4530999	-0.5273438	-0.5078281	0.42531022	0.48971748
-0.42789304	0.3973765	0.1835062	-0.3721877	-0.44039473	0.36155644	0.48633033	0.43320918	0.4415883	0.4401098	0.47420332	0.4960534	-0.4419659	-0.44751355	0.44834194	0.4641796
0.52194744	-0.52656454	-0.39091393	0.4714229	0.5013451	-0.42832905	-0.5180799	-0.5174798	-0.49275324	-0.44346386	-0.51613015	-0.53523666	0.56392205	0.45971498	-0.45115563	-0.50418264
0.45652366	-0.46537897	-0.4494893	0.4371308	0.5051869	-0.45743918	-0.50670594	-0.496837	-0.45167312	-0.44479802	-0.4875931	-0.4405118	0.486185	0.44118005	-0.42172727	-0.5133864
0.17483397	-0.20079647	-0.19422466	0.19353938	0.15952486	-0.21805781	-0.19388042	-0.23541042	-0.19408374	-0.17716067	-0.18567862	-0.18940635	0.2507935	0.23663802	-0.17960529	-0.18228808
0.10273613	-0.0960565	-0.12017034	0.12220465	0.10048115	-0.048812814	-0.061168496	-0.080253296	-0.101465166	-0.09037683	-0.050297055	-0.10155471	0.043966357	0.11772136	-0.059437465	-0.06728819
0.53404385	-0.54847974	-0.5178946	0.5162453	0.6095951	-0.55778974	-0.5178481	-0.5314404	-0.57351273	-0.59319067	-0.6061128	-0.5839002	0.5803928	0.6081566	-0.5544465	-0.5991151
0.019637762	0.029995807	-0.027406042	0.0055103204	0.0132628735	-0.029009061	-0.060716625	-0.038294647	-0.0032383907	0.012767471	0.024899868	-0.03059813	0.066875786	-0.029149896	-0.033490878	-0.054637134
0.39841607	-0.43171775	-0.37703192	0.3825651	0.44992858	-0.35026863	-0.3881469	-0.39487514	-0.4205176	-0.43606308	-0.48813787	-0.44544244	0.46251836	0.4814823	-0.47455105	-0.47927776
-0.01888252	0.022519415	0.035163715	-0.016811624	-0.012317204	-0.034283414	0.045028437	0.025188357	-0.012232268	0.040695988	0.023874357	0.003784622	-0.0026442655	-0.049526352	0.050002243	0.061758995
-0.18957329	0.25717846	0.1076051	-0.23286681	-0.19668873	0.12651566	0.28837913	0.23066601	0.2521224	0.28286517	0.24514244	0.23922695	-0.28000128	-0.22822598	0.22931159	0.21282633
-0.28751615	0.33470282	0.2046201	-0.2344084	-0.30756888	0.23170806	0.28880835	0.30706877	0.29899532	0.35569453	0.33716297	0.30737433	-0.26605317	-0.25079146	0.3230421	0.30754808
-0.19149607	0.21491927	0.20215312	-0.1975458	-0.22633033	0.20039839	0.16262797	0.20495817	0.21165113	0.24142459	0.18147524	0.21839115	-0.20586395	-0.22336155	0.20585507	0.18494286
0.30296153	-0.3669726	-0.28477824	0.2643713	0.36481777	-0.23276971	-0.2992348	-0.338817	-0.3525273	-0.2804021	-0.35953483	-0.30196044	0.31816015	0.3569047	-0.2900576	-0.38210568
-0.038215756	0.03943677	-0.022662586	-0.067943186	-0.069635116	0.010548432	0.051197935	0.049735386	0.05990631	0.059366796	0.11312112	0.050750576	-0.06544891	-0.10789973	0.04827214	0.08022277
-0.5081526	0.5077118	0.2829679	-0.4963235	-0.4570346	0.42764115	0.49827147	0.48428243	0.44792536	0.49707162	0.592317	0.50490767	-0.5758093	-0.5075208	0.44697088	0.4789585
0.24562097	-0.21978593	-0.25208664	0.17339028	0.23152342	-0.23887247	-0.21272251	-0.24732478	-0.20272973	-0.23432557	-0.2277141	-0.21364936	0.2194097	0.2360276	-0.22726814	-0.22251517
0.36134088	-0.36848262	-0.38450143	0.35330355	0.3570975	-0.36999983	-0.38057768	-0.37460074	-0.35331804	-0.38278288	-0.41936326	-0.42473128	0.39645186	0.33553225	-0.3537434	-0.3909847
-0.1753335	0.12830323	0.12856117	-0.18455015	-0.18964867	0.12242261	0.17797	0.15492626	0.1984682	0.12831236	0.20948617	0.1801791	-0.20997056	-0.2175705	0.1935016	0.2150184
-0.20705663	0.19848631	0.043313175	-0.21773998	-0.17732495	0.18877842	0.190945	0.19067723	0.16709533	0.2680112	0.22364941	0.19925947	-0.1793277	-0.18342218	0.23792747	0.15043004
0.119527385	-0.052666258	-0.1635295	0.04193148	0.119942755	-0.04590642	-0.070225835	-0.07337833	-0.013111592	-0.07882237	-0.12465146	-0.09536801	0.092197664	0.09023571	-0.11353434	-0.10305744
0.52256155	-0.57861555	-0.4881821	0.49013904	0.523292	-0.51220196	-0.55340743	-0.5395279	-0.5697136	-0.56662863	-0.57613146	-0.5536824	0.6188816	0.50734	-0.5404281	-0.53870076
0.15619831	-0.09630375	-0.1216113	0.0797233	0.10974649	-0.13114281	-0.10609663	-0.1340364	-0.14233053	-0.10973639	-0.08000139	-0.067749046	0.1358481	0.08241183	-0.07601143	-0.07521382
0.2655667	-0.31515118	-0.27594244	0.22190836	0.24992071	-0.2400301	-0.25365257	-0.2195296	-0.23189005	-0.21414377	-0.24005322	-0.22995813	0.27661553	0.28256547	-0.31454903	-0.31938788
-0.18955387	0.17269565	0.093793064	-0.1545861	-0.17167462	0.115651265	0.19339192	0.13159728	0.1519765	0.09538545	0.1841661	0.12692514	-0.09776225	-0.12792312	0.09209159	0.17322972
-0.085062675	0.1091584	0.11232157	-0.11210502	-0.10781649	0.10964301	0.16690265	0.11768632	0.08832729	0.141532	0.119620405	0.1922844	-0.10933547	-0.13591701	0.14058268	0.1770915
-0.33270317	0.35564417	0.32641932	-0.31489384	-0.33452594	0.28960228	0.36774412	0.32424405	0.3288464	0.38311592	0.31943524	0.3177546	-0.29454646	-0.3624757	0.29647738	0.3621
-0.61657166	0.6133425	0.5026201	-0.5835225	-0.55982834	0.5367576	0.55098456	0.5752412	0.56506133	0.6178561	0.61029476	0.6400723	-0.6415491	-0.54964226	0.55805075	0.5812561
0.56092197	-0.48052797	-0.44906646	0.47312534	0.5259988	-0.47883913	-0.56962043	-0.49745414	-0.5467868	-0.55510765	-0.61217827	-0.5724108	0.60304606	0.53102976	-0.48249072	-0.55437595
0.03118596	-0.07374737	0.005399012	0.022631248	0.044685926	0.015296499	-0.03231345	-0.04109859	-0.019734103	-0.04387342	-0.024503473	-0.05844603	0.023510909	0.013796783	-0.053813566	-0.031195417
0.23306555	-0.20474495	-0.24021716	0.23911132	0.17629664	-0.1997207	-0.20673703	-0.2036564	-0.13708653	-0.15279661	-0.2533086	-0.23062195	0.22092548	0.19347942	-0.14667735	-0.20365472
-0.018331628	0.083450094	0.051373303	-0.015990445	-0.07783949	0.050688192	0.0056886496	0.020643521	0.010296882	0.10378607	0.033422578	0.061688837	-0.063732326	-0.09576979	0.083555385	0.07229269
0.19865523	-0.16994604	-0.22437376	0.14213753	0.18309478	-0.17896177	-0.19589026	-0.16068561	-0.12535788	-0.104145914	-0.19785477	-0.17368793	0.243059	0.14414027	-0.12574048	-0.2034161
0.39733332	-0.44545332	-0.3756629	0.35495037	0.37124208	-0.37241894	-0.39752525	-0.4006967	-0.36954516	-0.43711832	-0.47827932	-0.4136948	0.4053299	0.36513898	-0.36806712	-0.4136869
0.52027243	-0.53834563	-0.46147546	0.46287894	0.54313517	-0.50586003	-0.50707453	-0.5627061	-0.4754734	-0.52735126	-0.5896562	-0.54270416	0.53729486	0.4862652	-0.4959368	-0.57954466
0.07249396	-0.04514009	-0.14226358	0.08257423	0.14923869	-0.10791598	-0.075284675	-0.13437706	-0.031322498	-0.07840599	-0.13066807	-0.051197782	0.13081785	0.067868836	-0.1403252	-0.15870711
-0.48733416	0.57845294	0.43598968	-0.48932046	-0.56934816	0.50052977	0.5718055	0.4858153	0.50407064	0.49663034	0.56488687	0.59285635	-0.5819479	-0.5540954	0.4875883	0.56244683
0.21447243	-0.19345245	-0.25379968	0.17248881	0.22046818	-0.2133727	-0.192462	-0.19336852	-0.23744737	-0.2215203	-0.23246765	-0.1706105	0.26372147	0.1757097	-0.1795363	-0.19431594
0.012766738	-0.019621497	-0.018439975	-0.02397988	0.039254714	-0.056935053	-0.019535104	-0.024497684	0.056989912	0.018015262	-0.055729978	-0.025773901	0.032699935	-0.01675451	-0.010428726	-0.0018173497
-0.053654604	0.096681036	-0.05158233	-0.07423023	-0.10014036	0.033463765	0.18464789	0.11103731	0.15244439	0.14145564	0.10572306	0.14661416	-0.15704429	-0.11408958	0.1392495	0.12097053
0.37593657	-0.34498394	-0.38054392	0.34321976	0.34883672	-0.34816757	-0.33621067	-0.3912865	-0.30407158	-0.3645386	-0.4202756	-0.368204	0.40400884	0.33139274	-0.39314535	-0.41324356
-0.012064668	0.07422309	0.039681073	0.014657633	0.002913441	0.0656572	0.07720605	0.06389833	0.0063997726	0.097944185	0.09366668	0.05938177	-0.039150003	-0.06937653	0.07898989	0.053749096
-0.45204428	0.48278034	0.311738	-0.44117022	-0.4436451	0.39616987	0.50187594	0.39336675	0.4587678	0.47207063	0.4661613	0.46288863	-0.48944822	-0.48312548	0.47085902	0.51511294
-0.33130917	0.34242606	0.10496058	-0.2859414	-0.34725946	0.23483762	0.38913825	0.2653072	0.3657334	0.39086214	0.36712876	0.33729613	-0.34166038	-0.35439748	0.32377025	0.37004018
0.1206074	-0.08760361	-0.26061407	0.11117877	0.0654297	-0.17981163	-0.051581383	-0.1845117	-0.069675945	-0.0356072	-0.0872541	-0.06555014	0.13377504	0.04665438	-0.10639732	-0.1360153
0.1095424	-0.13348748	-0.16841821	0.07863815	0.06093284	-0.10336482	-0.12278808	-0.1802543	-0.08161077	-0.1253847	-0.10802733	-0.15155795	0.104655355	0.11740853	-0.11788839	-0.11987693
0.12452342	-0.09642017	-0.13999166	0.09138489	0.0943491	-0.13074338	-0.17784597	-0.14513628	-0.16525713	-0.11547934	-0.09671788	-0.1888395	0.15122949	0.09371853	-0.13309743	-0.11815356
-0.40734556	0.38381007	0.22685158	-0.323068	-0.31637523	0.31678104	0.35903135	0.4265348	0.40788323	0.40442714	0.44988438	0.4588296	-0.3351344	-0.32624215	0.32267362	0.43816006
